﻿<?xml version="1.0" encoding="utf-8"?>
<abapGit version="v1.0.0" serializer="LCL_OBJECT_PDTS" serializer_version="v1.0.0">
 <asx:abap xmlns:asx="http://www.sap.com/abapxml" version="1.0">
  <asx:values>
   <PDTS>
    <SHORT_TEXT>envio_email</SHORT_TEXT>
    <PLVAR>01</PLVAR>
    <METHOD>
     <OTYPE>TS</OTYPE>
     <OBJID>82000007</OBJID>
     <SWOTP>ZFIJP</SWOTP>
     <SWMTD>ZENVIO_EMAIL_PROV</SWMTD>
     <METHTYPE>BO</METHTYPE>
     <BACKGROUND>X</BACKGROUND>
     <SYNCHRON>X</SYNCHRON>
     <GENERATED>X</GENERATED>
    </METHOD>
    <METHOD_BINDING>
     <HRS1214>
      <OTYPE>TS</OTYPE>
      <OBJID>82000007</OBJID>
      <SUBTY>0001</SUBTY>
      <DATAFLOW>E</DATAFLOW>
      <TAB_INDEX>000001</TAB_INDEX>
      <EXPR>&amp;_WI_OBJECT_ID.PROVEEDOR&amp;</EXPR>
      <TARGETEXPR>&amp;ILIFNR&amp;</TARGETEXPR>
      <OPERATION>ASN</OPERATION>
      <OPCLASS>E</OPCLASS>
     </HRS1214>
     <HRS1214>
      <OTYPE>TS</OTYPE>
      <OBJID>82000007</OBJID>
      <SUBTY>0001</SUBTY>
      <DATAFLOW>E</DATAFLOW>
      <TAB_INDEX>000002</TAB_INDEX>
      <EXPR>&amp;_WI_OBJECT_ID.SOCIEDAD&amp;</EXPR>
      <TARGETEXPR>&amp;IBUKRS&amp;</TARGETEXPR>
      <OPERATION>ASN</OPERATION>
      <OPCLASS>E</OPCLASS>
     </HRS1214>
     <HRS1214>
      <OTYPE>TS</OTYPE>
      <OBJID>82000007</OBJID>
      <SUBTY>0001</SUBTY>
      <DATAFLOW>E</DATAFLOW>
      <TAB_INDEX>000003</TAB_INDEX>
      <EXPR>&amp;_WI_OBJECT_ID.FACTURA&amp;</EXPR>
      <TARGETEXPR>&amp;IXBLNR&amp;</TARGETEXPR>
      <OPERATION>ASN</OPERATION>
      <OPCLASS>E</OPCLASS>
     </HRS1214>
     <HRS1214>
      <OTYPE>TS</OTYPE>
      <OBJID>82000007</OBJID>
      <SUBTY>0001</SUBTY>
      <DATAFLOW>E</DATAFLOW>
      <TAB_INDEX>000004</TAB_INDEX>
      <EXPR>&amp;_WI_OBJECT_ID.TIPODTE&amp;</EXPR>
      <TARGETEXPR>&amp;ITIPODTE&amp;</TARGETEXPR>
      <OPERATION>ASN</OPERATION>
      <OPCLASS>E</OPCLASS>
     </HRS1214>
    </METHOD_BINDING>
   </PDTS>
   <CONTAINER>
    <CONTAINER>
     <PROPERTIES>
      <OWN_ID>
       <INSTID>TS82000007</INSTID>
       <TYPEID>CL_SWF_CNT_HRS_PERSISTENCE</TYPEID>
       <CATID>CL</CATID>
      </OWN_ID>
      <PROPSTRING>23</PROPSTRING>
      <XMLVERSION>0002</XMLVERSION>
      <INTERNAL>X</INTERNAL>
      <EXDEFINITN>
       <NAME>_DEF_EXT</NAME>
       <POR>
        <INSTID>DIALOG_STEP_CONTAINER</INSTID>
        <TYPEID>CL_SWF_CNT_PERSISTENCE_DEF_EXT</TYPEID>
        <CATID>CL</CATID>
       </POR>
      </EXDEFINITN>
     </PROPERTIES>
     <ELEMENTS>
      <N NAME="ILIFNR:ILifnr:" TYPE="::LFA1-LIFNR:C:10:0" PROPS="0C003301"/>
      <O NAME="IBUKRS:IBukrs:" TYPE="::ZTFI_0074-BUKRS:C:4:0" PROPS="0C003301"/>
      <P NAME="IXBLNR:IXblnr:" TYPE="::ZTFI_0074-XBLNR:C:16:0" PROPS="0C003301"/>
      <Q NAME="ITIPODTE:ITipodte:" TYPE="::ZTFI_0074-TIPODTE:C:2:0" PROPS="0C003301"/>
      <R NAME="ICOMMIT:ICommit:" TYPE="::ZTFI_0074-STATUS:C:1:0" PROPS="0C003301"/>
     </ELEMENTS>
    </CONTAINER>
   </CONTAINER>
  </asx:values>
 </asx:abap>
</abapGit>
