﻿<?xml version="1.0" encoding="utf-8"?>
<abapGit version="v1.0.0" serializer="LCL_OBJECT_PDTS" serializer_version="v1.0.0">
 <asx:abap xmlns:asx="http://www.sap.com/abapxml" version="1.0">
  <asx:values>
   <PDTS>
    <SHORT_TEXT>rechazo_idoc</SHORT_TEXT>
    <PLVAR>01</PLVAR>
    <METHOD>
     <OTYPE>TS</OTYPE>
     <OBJID>82000006</OBJID>
     <SWOTP>ZFIJP</SWOTP>
     <SWMTD>ZENVIAR_IDOC_RECHAZO</SWMTD>
     <METHTYPE>BO</METHTYPE>
     <BACKGROUND>X</BACKGROUND>
     <SYNCHRON>X</SYNCHRON>
     <GENERATED>X</GENERATED>
    </METHOD>
    <METHOD_BINDING>
     <HRS1214>
      <OTYPE>TS</OTYPE>
      <OBJID>82000006</OBJID>
      <SUBTY>0001</SUBTY>
      <DATAFLOW>E</DATAFLOW>
      <TAB_INDEX>000001</TAB_INDEX>
      <EXPR>&amp;MOTIVO_RECHAZO&amp;</EXPR>
      <TARGETEXPR>&amp;MOTIVO_RECHAZO&amp;</TARGETEXPR>
      <OPERATION>ASN</OPERATION>
      <OPCLASS>E</OPCLASS>
     </HRS1214>
    </METHOD_BINDING>
   </PDTS>
   <CONTAINER>
    <CONTAINER>
     <PROPERTIES>
      <OWN_ID>
       <INSTID>TS82000006</INSTID>
       <TYPEID>CL_SWF_CNT_HRS_PERSISTENCE</TYPEID>
       <CATID>CL</CATID>
      </OWN_ID>
      <PROPSTRING>23</PROPSTRING>
      <XMLVERSION>0002</XMLVERSION>
      <INTERNAL>X</INTERNAL>
      <EXDEFINITN>
       <NAME>_DEF_EXT</NAME>
       <POR>
        <INSTID>DIALOG_STEP_CONTAINER</INSTID>
        <TYPEID>CL_SWF_CNT_PERSISTENCE_DEF_EXT</TYPEID>
        <CATID>CL</CATID>
       </POR>
      </EXDEFINITN>
     </PROPERTIES>
     <ELEMENTS>
      <N NAME="MOTIVO_RECHAZO:motivo_rechazo:" TYPE="::ZEFI_0022-MOTIVO:C:50:0" PROPS="0C003301"/>
     </ELEMENTS>
    </CONTAINER>
   </CONTAINER>
  </asx:values>
 </asx:abap>
</abapGit>
