﻿<?xml version="1.0" encoding="utf-8"?>
<abapGit version="v1.0.0" serializer="LCL_OBJECT_PDTS" serializer_version="v1.0.0">
 <asx:abap xmlns:asx="http://www.sap.com/abapxml" version="1.0">
  <asx:values>
   <PDTS>
    <SHORT_TEXT>adjunta_pdf</SHORT_TEXT>
    <PLVAR>01</PLVAR>
    <METHOD>
     <OTYPE>TS</OTYPE>
     <OBJID>82000002</OBJID>
     <SWOTP>ZFIJP</SWOTP>
     <SWMTD>ZGENERAR_ATTACH_PDF</SWMTD>
     <METHTYPE>BO</METHTYPE>
     <BACKGROUND>X</BACKGROUND>
     <SYNCHRON>X</SYNCHRON>
     <GENERATED>X</GENERATED>
    </METHOD>
    <METHOD_BINDING>
     <HRS1214>
      <OTYPE>TS</OTYPE>
      <OBJID>82000002</OBJID>
      <SUBTY>0001</SUBTY>
      <DATAFLOW>E</DATAFLOW>
      <TAB_INDEX>000001</TAB_INDEX>
      <EXPR>&amp;WORKITEM&amp;</EXPR>
      <TARGETEXPR>&amp;WORKITEM&amp;</TARGETEXPR>
      <OPERATION>ASN</OPERATION>
      <OPCLASS>E</OPCLASS>
     </HRS1214>
     <HRS1214>
      <OTYPE>TS</OTYPE>
      <OBJID>82000002</OBJID>
      <SUBTY>0001</SUBTY>
      <DATAFLOW>I</DATAFLOW>
      <TAB_INDEX>000002</TAB_INDEX>
      <EXPR>&amp;SOFM&amp;</EXPR>
      <TARGETEXPR>&amp;SOFM&amp;</TARGETEXPR>
      <OPERATION>ASN</OPERATION>
      <OPCLASS>E</OPCLASS>
     </HRS1214>
    </METHOD_BINDING>
   </PDTS>
   <CONTAINER>
    <CONTAINER>
     <PROPERTIES>
      <OWN_ID>
       <INSTID>TS82000002</INSTID>
       <TYPEID>CL_SWF_CNT_HRS_PERSISTENCE</TYPEID>
       <CATID>CL</CATID>
      </OWN_ID>
      <PROPSTRING>23</PROPSTRING>
      <XMLVERSION>0002</XMLVERSION>
      <INTERNAL>X</INTERNAL>
      <EXDEFINITN>
       <NAME>_DEF_EXT</NAME>
       <POR>
        <INSTID>DIALOG_STEP_CONTAINER</INSTID>
        <TYPEID>CL_SWF_CNT_PERSISTENCE_DEF_EXT</TYPEID>
        <CATID>CL</CATID>
       </POR>
      </EXDEFINITN>
     </PROPERTIES>
     <ELEMENTS>
      <N NAME="SOFM:sofm:" TYPE="::SWR_ATT_ID-DOC_ID:C:255:0" PROPS="0C002B01"/>
      <O NAME="WORKITEM:workitem:" TYPE="::SWR_STRUCT-WORKITEMID:N:12:0" PROPS="0C003301"/>
     </ELEMENTS>
    </CONTAINER>
   </CONTAINER>
  </asx:values>
 </asx:abap>
</abapGit>
