﻿<?xml version="1.0" encoding="utf-8"?>
<abapGit version="v1.0.0" serializer="LCL_OBJECT_ENQU" serializer_version="v1.0.0">
 <asx:abap xmlns:asx="http://www.sap.com/abapxml" version="1.0">
  <asx:values>
   <DD25V>
    <VIEWNAME>EZTFI_0074</VIEWNAME>
    <DDLANGUAGE>S</DDLANGUAGE>
    <AGGTYPE>E</AGGTYPE>
    <ROOTTAB>ZTFI_0074</ROOTTAB>
    <DDTEXT>Objeto bloqueo tabla ZTFI_0074</DDTEXT>
   </DD25V>
   <DD26E_TABLE>
    <DD26E>
     <VIEWNAME>EZTFI_0074</VIEWNAME>
     <TABNAME>ZTFI_0074</TABNAME>
     <TABPOS>0001</TABPOS>
     <FORTABNAME>ZTFI_0074</FORTABNAME>
     <ENQMODE>E</ENQMODE>
    </DD26E>
   </DD26E_TABLE>
   <DD27P_TABLE>
    <DD27P>
     <VIEWNAME>EZTFI_0074</VIEWNAME>
     <OBJPOS>0001</OBJPOS>
     <VIEWFIELD>MANDT</VIEWFIELD>
     <TABNAME>ZTFI_0074</TABNAME>
     <FIELDNAME>MANDT</FIELDNAME>
     <KEYFLAG>X</KEYFLAG>
     <ENQMODE>E</ENQMODE>
    </DD27P>
    <DD27P>
     <VIEWNAME>EZTFI_0074</VIEWNAME>
     <OBJPOS>0002</OBJPOS>
     <VIEWFIELD>BUKRS</VIEWFIELD>
     <TABNAME>ZTFI_0074</TABNAME>
     <FIELDNAME>BUKRS</FIELDNAME>
     <KEYFLAG>X</KEYFLAG>
     <ENQMODE>E</ENQMODE>
     <MEMORYID>BUK</MEMORYID>
     <CHECKTABLE>T001</CHECKTABLE>
     <SHLPORIGIN>P</SHLPORIGIN>
     <SHLPNAME>C_T001</SHLPNAME>
     <SHLPFIELD>BUKRS</SHLPFIELD>
     <LOGFLAG>X</LOGFLAG>
    </DD27P>
    <DD27P>
     <VIEWNAME>EZTFI_0074</VIEWNAME>
     <OBJPOS>0003</OBJPOS>
     <VIEWFIELD>XBLNR</VIEWFIELD>
     <TABNAME>ZTFI_0074</TABNAME>
     <FIELDNAME>XBLNR</FIELDNAME>
     <KEYFLAG>X</KEYFLAG>
     <ENQMODE>E</ENQMODE>
     <LOGFLAG>X</LOGFLAG>
    </DD27P>
    <DD27P>
     <VIEWNAME>EZTFI_0074</VIEWNAME>
     <OBJPOS>0004</OBJPOS>
     <VIEWFIELD>LIFNR</VIEWFIELD>
     <TABNAME>ZTFI_0074</TABNAME>
     <FIELDNAME>LIFNR</FIELDNAME>
     <KEYFLAG>X</KEYFLAG>
     <ENQMODE>E</ENQMODE>
     <MEMORYID>LIF</MEMORYID>
     <SHLPORIGIN>X</SHLPORIGIN>
     <SHLPNAME>KRED_C</SHLPNAME>
     <SHLPFIELD>LIFNR</SHLPFIELD>
     <LOGFLAG>X</LOGFLAG>
     <CONVEXIT>ALPHA</CONVEXIT>
    </DD27P>
    <DD27P>
     <VIEWNAME>EZTFI_0074</VIEWNAME>
     <OBJPOS>0005</OBJPOS>
     <VIEWFIELD>TIPODTE</VIEWFIELD>
     <TABNAME>ZTFI_0074</TABNAME>
     <FIELDNAME>TIPODTE</FIELDNAME>
     <KEYFLAG>X</KEYFLAG>
     <ENQMODE>E</ENQMODE>
    </DD27P>
   </DD27P_TABLE>
  </asx:values>
 </asx:abap>
</abapGit>
