﻿<?xml version="1.0" encoding="utf-8"?>
<abapGit version="v1.0.0" serializer="LCL_OBJECT_DTEL" serializer_version="v1.0.0">
 <asx:abap xmlns:asx="http://www.sap.com/abapxml" version="1.0">
  <asx:values>
   <DD04V>
    <ROLLNAME>ZACTIVO</ROLLNAME>
    <DDLANGUAGE>S</DDLANGUAGE>
    <DOMNAME>XFELD</DOMNAME>
    <HEADLEN>04</HEADLEN>
    <SCRLEN1>10</SCRLEN1>
    <SCRLEN2>15</SCRLEN2>
    <SCRLEN3>20</SCRLEN3>
    <DDTEXT>Validacion Activa</DDTEXT>
    <REPTEXT>Act.</REPTEXT>
    <SCRTEXT_S>Act.</SCRTEXT_S>
    <SCRTEXT_M>Act.</SCRTEXT_M>
    <SCRTEXT_L>Act.</SCRTEXT_L>
    <DTELMASTER>S</DTELMASTER>
    <REFKIND>D</REFKIND>
   </DD04V>
  </asx:values>
 </asx:abap>
</abapGit>
