﻿<?xml version="1.0" encoding="utf-8"?>
<abapGit version="v1.0.0" serializer="LCL_OBJECT_DTEL" serializer_version="v1.0.0">
 <asx:abap xmlns:asx="http://www.sap.com/abapxml" version="1.0">
  <asx:values>
   <DD04V>
    <ROLLNAME>ZAPROBADOR</ROLLNAME>
    <DDLANGUAGE>S</DDLANGUAGE>
    <DOMNAME>CHAR10</DOMNAME>
    <HEADLEN>16</HEADLEN>
    <SCRLEN1>10</SCRLEN1>
    <SCRLEN2>16</SCRLEN2>
    <SCRLEN3>20</SCRLEN3>
    <DDTEXT>Aprobador de GTo</DDTEXT>
    <REPTEXT>Aprobador de GTo</REPTEXT>
    <SCRTEXT_S>Aprb.Gto.</SCRTEXT_S>
    <SCRTEXT_M>Aprobador de GTo</SCRTEXT_M>
    <SCRTEXT_L>Aprobador de GTo</SCRTEXT_L>
    <DTELMASTER>S</DTELMASTER>
    <REFKIND>D</REFKIND>
   </DD04V>
  </asx:values>
 </asx:abap>
</abapGit>
