﻿<?xml version="1.0" encoding="utf-8"?>
<abapGit version="v1.0.0" serializer="LCL_OBJECT_DTEL" serializer_version="v1.0.0">
 <asx:abap xmlns:asx="http://www.sap.com/abapxml" version="1.0">
  <asx:values>
   <DD04V>
    <ROLLNAME>ZCHAR76</ROLLNAME>
    <DDLANGUAGE>S</DDLANGUAGE>
    <HEADLEN>55</HEADLEN>
    <SCRLEN1>10</SCRLEN1>
    <SCRLEN2>20</SCRLEN2>
    <SCRLEN3>40</SCRLEN3>
    <DDTEXT>Char de 76 Caracteres</DDTEXT>
    <REPTEXT>C76</REPTEXT>
    <SCRTEXT_S>c76</SCRTEXT_S>
    <SCRTEXT_M>C76</SCRTEXT_M>
    <SCRTEXT_L>C76</SCRTEXT_L>
    <DTELMASTER>S</DTELMASTER>
    <DATATYPE>CHAR</DATATYPE>
    <LENG>000076</LENG>
    <OUTPUTLEN>000076</OUTPUTLEN>
   </DD04V>
  </asx:values>
 </asx:abap>
</abapGit>
