﻿<?xml version="1.0" encoding="utf-8"?>
<abapGit version="v1.0.0" serializer="LCL_OBJECT_CLAS" serializer_version="v1.0.0">
 <asx:abap xmlns:asx="http://www.sap.com/abapxml" version="1.0">
  <asx:values>
   <VSEOCLASS>
    <CLSNAME>ZCL_SII</CLSNAME>
    <LANGU>S</LANGU>
    <DESCRIPT>Clase llamado SII CHILE</DESCRIPT>
    <STATE>1</STATE>
    <CLSCCINCL>X</CLSCCINCL>
    <FIXPT>X</FIXPT>
    <UNICODE>X</UNICODE>
    <MSG_ID>ZFI_0003</MSG_ID>
   </VSEOCLASS>
   <DESCRIPTIONS>
    <SEOCOMPOTX>
     <CMPNAME>ARC_FACTORIN</CMPNAME>
     <LANGU>S</LANGU>
     <DESCRIPT>Manejo de Archivo de Cesiones</DESCRIPT>
    </SEOCOMPOTX>
    <SEOCOMPOTX>
     <CMPNAME>CONSTRUCTOR</CMPNAME>
     <LANGU>S</LANGU>
     <DESCRIPT>CONSTRUCTOR</DESCRIPT>
    </SEOCOMPOTX>
    <SEOCOMPOTX>
     <CMPNAME>DISPLAY_EVENTOS</CMPNAME>
     <LANGU>S</LANGU>
     <DESCRIPT>Muestra Eventos de Folio</DESCRIPT>
    </SEOCOMPOTX>
    <SEOCOMPOTX>
     <CMPNAME>DISPLAY_LOG</CMPNAME>
     <LANGU>S</LANGU>
     <DESCRIPT>Mostrar log</DESCRIPT>
    </SEOCOMPOTX>
    <SEOCOMPOTX>
     <CMPNAME>ENVIO_CORREO</CMPNAME>
     <LANGU>S</LANGU>
     <DESCRIPT>Envio de correo en error de Ws</DESCRIPT>
    </SEOCOMPOTX>
    <SEOCOMPOTX>
     <CMPNAME>FIRMADO_ARC</CMPNAME>
     <LANGU>S</LANGU>
     <DESCRIPT>Indicador general</DESCRIPT>
    </SEOCOMPOTX>
    <SEOCOMPOTX>
     <CMPNAME>GET_ARCLOCFACTORIN</CMPNAME>
     <LANGU>S</LANGU>
     <DESCRIPT>Leer ArchivoLocalFactorin</DESCRIPT>
    </SEOCOMPOTX>
    <SEOCOMPOTX>
     <CMPNAME>GET_ARCSERFACTORIN</CMPNAME>
     <LANGU>S</LANGU>
     <DESCRIPT>Leer arc.ServidorFactorin</DESCRIPT>
    </SEOCOMPOTX>
    <SEOCOMPOTX>
     <CMPNAME>GET_AUTENTICACION</CMPNAME>
     <LANGU>S</LANGU>
     <DESCRIPT>llama Semilla/GetXML/GetToken</DESCRIPT>
    </SEOCOMPOTX>
    <SEOCOMPOTX>
     <CMPNAME>GET_FACTORIN</CMPNAME>
     <LANGU>S</LANGU>
     <DESCRIPT>WS datos registrados en el SII, para una cesión de documento</DESCRIPT>
    </SEOCOMPOTX>
    <SEOCOMPOTX>
     <CMPNAME>GET_FECHASII</CMPNAME>
     <LANGU>S</LANGU>
     <DESCRIPT>Obtener fecha de Recepcion SII</DESCRIPT>
    </SEOCOMPOTX>
    <SEOCOMPOTX>
     <CMPNAME>GET_FIRMADO_ARC</CMPNAME>
     <LANGU>S</LANGU>
     <DESCRIPT>Colocar semillla a archivo Prefirmado</DESCRIPT>
    </SEOCOMPOTX>
    <SEOCOMPOTX>
     <CMPNAME>GET_HISFOLIO</CMPNAME>
     <LANGU>S</LANGU>
     <DESCRIPT>Ws de Eventos  de Folio</DESCRIPT>
    </SEOCOMPOTX>
    <SEOCOMPOTX>
     <CMPNAME>GET_LISTADOFACRECSII</CMPNAME>
     <LANGU>S</LANGU>
     <DESCRIPT>ws de Listado de facturas recibidas</DESCRIPT>
    </SEOCOMPOTX>
    <SEOCOMPOTX>
     <CMPNAME>GET_LISTADOFACTRECSIINW</CMPNAME>
     <LANGU>S</LANGU>
     <DESCRIPT>ws de Listado de facturas NEW recibidas (Mis-RecibidosNWSII)</DESCRIPT>
    </SEOCOMPOTX>
    <SEOCOMPOTX>
     <CMPNAME>GET_LISTADOFACTSII</CMPNAME>
     <LANGU>S</LANGU>
     <DESCRIPT>Ws de facturas de libroCompra SII</DESCRIPT>
    </SEOCOMPOTX>
    <SEOCOMPOTX>
     <CMPNAME>GET_PARSE_LISTADO</CMPNAME>
     <LANGU>S</LANGU>
     <DESCRIPT>Parsea Listado</DESCRIPT>
    </SEOCOMPOTX>
    <SEOCOMPOTX>
     <CMPNAME>GET_SEMILLA</CMPNAME>
     <LANGU>S</LANGU>
     <DESCRIPT>Obtiene Semilla del SII</DESCRIPT>
    </SEOCOMPOTX>
    <SEOCOMPOTX>
     <CMPNAME>GET_TOKEN</CMPNAME>
     <LANGU>S</LANGU>
     <DESCRIPT>Obtiene Gettoken</DESCRIPT>
    </SEOCOMPOTX>
    <SEOCOMPOTX>
     <CMPNAME>GET_TOKENPOST</CMPNAME>
     <LANGU>S</LANGU>
     <DESCRIPT>Token generico para post</DESCRIPT>
    </SEOCOMPOTX>
    <SEOCOMPOTX>
     <CMPNAME>GET_XML</CMPNAME>
     <LANGU>S</LANGU>
     <DESCRIPT>Genera XML firmado</DESCRIPT>
    </SEOCOMPOTX>
    <SEOCOMPOTX>
     <CMPNAME>GET_XMLFIRMADO</CMPNAME>
     <LANGU>S</LANGU>
     <DESCRIPT>Firma XML</DESCRIPT>
    </SEOCOMPOTX>
    <SEOCOMPOTX>
     <CMPNAME>GO_LOG</CMPNAME>
     <LANGU>S</LANGU>
     <DESCRIPT>Log standard SAP</DESCRIPT>
    </SEOCOMPOTX>
    <SEOCOMPOTX>
     <CMPNAME>GS_BAL_LOG</CMPNAME>
     <LANGU>S</LANGU>
     <DESCRIPT>Log aplicación: Datos de cabecera de log</DESCRIPT>
    </SEOCOMPOTX>
    <SEOCOMPOTX>
     <CMPNAME>GS_BAL_MSG</CMPNAME>
     <LANGU>S</LANGU>
     <DESCRIPT>Log aplicación: Datos de un mensaje</DESCRIPT>
    </SEOCOMPOTX>
    <SEOCOMPOTX>
     <CMPNAME>GS_CODCERSII</CMPNAME>
     <LANGU>S</LANGU>
     <DESCRIPT>Cod de certificado sii</DESCRIPT>
    </SEOCOMPOTX>
    <SEOCOMPOTX>
     <CMPNAME>GS_RC</CMPNAME>
     <LANGU>S</LANGU>
     <DESCRIPT>Campo de sistema ABAP: Valor de retorno sentencias ABAP</DESCRIPT>
    </SEOCOMPOTX>
    <SEOCOMPOTX>
     <CMPNAME>MAIN</CMPNAME>
     <LANGU>S</LANGU>
     <DESCRIPT>Gestion de busqueda de facturas</DESCRIPT>
    </SEOCOMPOTX>
    <SEOCOMPOTX>
     <CMPNAME>MOV_ARCHIVOS</CMPNAME>
     <LANGU>S</LANGU>
     <DESCRIPT>Mover y borrar Archivos</DESCRIPT>
    </SEOCOMPOTX>
    <SEOCOMPOTX>
     <CMPNAME>PROCE_REGARCFACTORIN</CMPNAME>
     <LANGU>S</LANGU>
     <DESCRIPT>Procesa los registros de Factorin desde archivo</DESCRIPT>
    </SEOCOMPOTX>
    <SEOCOMPOTX>
     <CMPNAME>PUT_ACEPRECLAMO</CMPNAME>
     <LANGU>S</LANGU>
     <DESCRIPT>Entrega aceptacion/reclamo al SII</DESCRIPT>
    </SEOCOMPOTX>
    <SEOCOMPOTX>
     <CMPNAME>UPDATE_DOC_FI</CMPNAME>
     <LANGU>S</LANGU>
     <DESCRIPT>Modifica Pagador alternativo en doc.FI</DESCRIPT>
    </SEOCOMPOTX>
    <SEOCOMPOTX>
     <CMPNAME>VALIDA_CERT</CMPNAME>
     <LANGU>S</LANGU>
     <DESCRIPT>Validacion de token por certificado y tiempo</DESCRIPT>
    </SEOCOMPOTX>
    <SEOCOMPOTX>
     <CMPNAME>WRITE_ACEPRECLAMO</CMPNAME>
     <LANGU>S</LANGU>
     <DESCRIPT>Manejo de aceptación /reclamo</DESCRIPT>
    </SEOCOMPOTX>
    <SEOCOMPOTX>
     <CMPNAME>WRITE_FECHASII</CMPNAME>
     <LANGU>S</LANGU>
     <DESCRIPT>Guardar fecha de sii en ztfi_0074fr</DESCRIPT>
    </SEOCOMPOTX>
    <SEOCOMPOTX>
     <CMPNAME>WS_FACTORIN</CMPNAME>
     <LANGU>S</LANGU>
     <DESCRIPT>Buscar contribuyente vinculado con la cesión sea como tenedo</DESCRIPT>
    </SEOCOMPOTX>
    <SEOCOMPOTX>
     <CMPNAME>WS_LISTADO_FACTRECSII</CMPNAME>
     <LANGU>S</LANGU>
     <DESCRIPT>Busco listado de Facturas recibidas del SII para Cuadratura</DESCRIPT>
    </SEOCOMPOTX>
    <SEOCOMPOTX>
     <CMPNAME>WS_LISTADO_FACTRECSIINW</CMPNAME>
     <LANGU>S</LANGU>
     <DESCRIPT>Busco listado de Facturas de compras del SII para Cuadratura</DESCRIPT>
    </SEOCOMPOTX>
    <SEOCOMPOTX>
     <CMPNAME>WS_LISTADO_FACTSII</CMPNAME>
     <LANGU>S</LANGU>
     <DESCRIPT>Busco listado de Facturas de compras del SII para Cuadratura</DESCRIPT>
    </SEOCOMPOTX>
    <SEOCOMPOTX>
     <CMPNAME>XML_FIRMADOSTR</CMPNAME>
     <LANGU>S</LANGU>
     <DESCRIPT>XML linea 76 caracteres</DESCRIPT>
    </SEOCOMPOTX>
   </DESCRIPTIONS>
   <DESCRIPTIONS_SUB>
    <SEOSUBCOTX>
     <CMPNAME>ARC_FACTORIN</CMPNAME>
     <SCONAME>P_DIR</SCONAME>
     <LANGU>S</LANGU>
     <DESCRIPT>Indicador de una posición</DESCRIPT>
    </SEOSUBCOTX>
    <SEOSUBCOTX>
     <CMPNAME>DISPLAY_EVENTOS</CMPNAME>
     <SCONAME>ITAB</SCONAME>
     <LANGU>S</LANGU>
     <DESCRIPT>Folio de factura</DESCRIPT>
    </SEOSUBCOTX>
    <SEOSUBCOTX>
     <CMPNAME>DISPLAY_EVENTOS</CMPNAME>
     <SCONAME>I_BUKRS</SCONAME>
     <LANGU>S</LANGU>
     <DESCRIPT>Sociedad</DESCRIPT>
    </SEOSUBCOTX>
    <SEOSUBCOTX>
     <CMPNAME>DISPLAY_EVENTOS</CMPNAME>
     <SCONAME>LT_EVE</SCONAME>
     <LANGU>S</LANGU>
     <DESCRIPT>Tabla de eventos DTE</DESCRIPT>
    </SEOSUBCOTX>
    <SEOSUBCOTX>
     <CMPNAME>ENVIO_CORREO</CMPNAME>
     <SCONAME>ASUNTO</SCONAME>
     <LANGU>S</LANGU>
     <DESCRIPT>Breve descripción del contenido</DESCRIPT>
    </SEOSUBCOTX>
    <SEOSUBCOTX>
     <CMPNAME>ENVIO_CORREO</CMPNAME>
     <SCONAME>CLASETEXTO</SCONAME>
     <LANGU>S</LANGU>
     <DESCRIPT>Nombre</DESCRIPT>
    </SEOSUBCOTX>
    <SEOSUBCOTX>
     <CMPNAME>ENVIO_CORREO</CMPNAME>
     <SCONAME>DOCUMENTO</SCONAME>
     <LANGU>S</LANGU>
     <DESCRIPT>2TipoDTE/factura/Proveedor</DESCRIPT>
    </SEOSUBCOTX>
    <SEOSUBCOTX>
     <CMPNAME>ENVIO_CORREO</CMPNAME>
     <SCONAME>GLOSA</SCONAME>
     <LANGU>S</LANGU>
     <DESCRIPT>Glosa de error</DESCRIPT>
    </SEOSUBCOTX>
    <SEOSUBCOTX>
     <CMPNAME>ENVIO_CORREO</CMPNAME>
     <SCONAME>S_BUKRS</SCONAME>
     <LANGU>S</LANGU>
     <DESCRIPT>Sociedad</DESCRIPT>
    </SEOSUBCOTX>
    <SEOSUBCOTX>
     <CMPNAME>GET_FECHASII</CMPNAME>
     <SCONAME>FECHARECPSII</SCONAME>
     <LANGU>S</LANGU>
     <DESCRIPT>Fecha de Recepcion SII</DESCRIPT>
    </SEOSUBCOTX>
    <SEOSUBCOTX>
     <CMPNAME>GET_FECHASII</CMPNAME>
     <SCONAME>ITAB</SCONAME>
     <LANGU>S</LANGU>
     <DESCRIPT>Est.Fecha de recepcion de SII</DESCRIPT>
    </SEOSUBCOTX>
    <SEOSUBCOTX>
     <CMPNAME>GET_HISFOLIO</CMPNAME>
     <SCONAME>ITAB</SCONAME>
     <LANGU>S</LANGU>
     <DESCRIPT>Fecha de recepcion de SII</DESCRIPT>
    </SEOSUBCOTX>
    <SEOSUBCOTX>
     <CMPNAME>GET_HISFOLIO</CMPNAME>
     <SCONAME>ZDTE_LISTEVENTOS</SCONAME>
     <LANGU>S</LANGU>
     <DESCRIPT>Listar eventos response</DESCRIPT>
    </SEOSUBCOTX>
    <SEOSUBCOTX>
     <CMPNAME>GET_LISTADOFACRECSII</CMPNAME>
     <SCONAME>P_BEGDA</SCONAME>
     <LANGU>S</LANGU>
     <DESCRIPT>Inicio de la validez</DESCRIPT>
    </SEOSUBCOTX>
    <SEOSUBCOTX>
     <CMPNAME>GET_LISTADOFACRECSII</CMPNAME>
     <SCONAME>P_BUKRS</SCONAME>
     <LANGU>S</LANGU>
     <DESCRIPT>Sociedad</DESCRIPT>
    </SEOSUBCOTX>
    <SEOSUBCOTX>
     <CMPNAME>GET_LISTADOFACRECSII</CMPNAME>
     <SCONAME>P_ENDDA</SCONAME>
     <LANGU>S</LANGU>
     <DESCRIPT>Fin de la validez</DESCRIPT>
    </SEOSUBCOTX>
    <SEOSUBCOTX>
     <CMPNAME>GET_LISTADOFACTRECSIINW</CMPNAME>
     <SCONAME>LT_FACTURASII</SCONAME>
     <LANGU>S</LANGU>
     <DESCRIPT>Registro de fecha de recepción de SII</DESCRIPT>
    </SEOSUBCOTX>
    <SEOSUBCOTX>
     <CMPNAME>GET_LISTADOFACTRECSIINW</CMPNAME>
     <SCONAME>P_BUKRS</SCONAME>
     <LANGU>S</LANGU>
     <DESCRIPT>Sociedad</DESCRIPT>
    </SEOSUBCOTX>
    <SEOSUBCOTX>
     <CMPNAME>GET_LISTADOFACTRECSIINW</CMPNAME>
     <SCONAME>P_PERIODO</SCONAME>
     <LANGU>S</LANGU>
     <DESCRIPT>Periodo de análisis Mes</DESCRIPT>
    </SEOSUBCOTX>
    <SEOSUBCOTX>
     <CMPNAME>GET_LISTADOFACTRECSIINW</CMPNAME>
     <SCONAME>P_TIPODOC</SCONAME>
     <LANGU>S</LANGU>
     <DESCRIPT>Campo de texto de tres caracteres para IDOCs</DESCRIPT>
    </SEOSUBCOTX>
    <SEOSUBCOTX>
     <CMPNAME>GET_LISTADOFACTSII</CMPNAME>
     <SCONAME>LT_FACTURASII</SCONAME>
     <LANGU>S</LANGU>
     <DESCRIPT>Registro de fecha de recepción de SII</DESCRIPT>
    </SEOSUBCOTX>
    <SEOSUBCOTX>
     <CMPNAME>GET_LISTADOFACTSII</CMPNAME>
     <SCONAME>P_BUKRS</SCONAME>
     <LANGU>S</LANGU>
     <DESCRIPT>Sociedad</DESCRIPT>
    </SEOSUBCOTX>
    <SEOSUBCOTX>
     <CMPNAME>GET_LISTADOFACTSII</CMPNAME>
     <SCONAME>P_PERIODO</SCONAME>
     <LANGU>S</LANGU>
     <DESCRIPT>Periodo de análisis Mes</DESCRIPT>
    </SEOSUBCOTX>
    <SEOSUBCOTX>
     <CMPNAME>GET_PARSE_LISTADO</CMPNAME>
     <SCONAME>I_TABNAME</SCONAME>
     <LANGU>S</LANGU>
     <DESCRIPT>Nombre de tabla</DESCRIPT>
    </SEOSUBCOTX>
    <SEOSUBCOTX>
     <CMPNAME>GET_TOKENPOST</CMPNAME>
     <SCONAME>LS_DESTP</SCONAME>
     <LANGU>S</LANGU>
     <DESCRIPT>Destino lógico (será indicado al llamar la función)</DESCRIPT>
    </SEOSUBCOTX>
    <SEOSUBCOTX>
     <CMPNAME>MAIN</CMPNAME>
     <SCONAME>PA_FLDIR</SCONAME>
     <LANGU>S</LANGU>
     <DESCRIPT>Indicador general</DESCRIPT>
    </SEOSUBCOTX>
    <SEOSUBCOTX>
     <CMPNAME>MAIN</CMPNAME>
     <SCONAME>R_BUKRS</SCONAME>
     <LANGU>S</LANGU>
     <DESCRIPT>Sociedades</DESCRIPT>
    </SEOSUBCOTX>
    <SEOSUBCOTX>
     <CMPNAME>MOV_ARCHIVOS</CMPNAME>
     <SCONAME>ARCH</SCONAME>
     <LANGU>S</LANGU>
     <DESCRIPT>Archivo</DESCRIPT>
    </SEOSUBCOTX>
    <SEOSUBCOTX>
     <CMPNAME>MOV_ARCHIVOS</CMPNAME>
     <SCONAME>FILE_D</SCONAME>
     <LANGU>S</LANGU>
     <DESCRIPT>Directorio Destino</DESCRIPT>
    </SEOSUBCOTX>
    <SEOSUBCOTX>
     <CMPNAME>MOV_ARCHIVOS</CMPNAME>
     <SCONAME>FILE_O</SCONAME>
     <LANGU>S</LANGU>
     <DESCRIPT>directorio Origen</DESCRIPT>
    </SEOSUBCOTX>
    <SEOSUBCOTX>
     <CMPNAME>MOV_ARCHIVOS</CMPNAME>
     <SCONAME>NOMB_ARCHIVO</SCONAME>
     <LANGU>S</LANGU>
     <DESCRIPT>Nombre del archivo</DESCRIPT>
    </SEOSUBCOTX>
    <SEOSUBCOTX>
     <CMPNAME>PUT_ACEPRECLAMO</CMPNAME>
     <SCONAME>ITAB</SCONAME>
     <LANGU>S</LANGU>
     <DESCRIPT>Fecha de recepcion de SII</DESCRIPT>
    </SEOSUBCOTX>
    <SEOSUBCOTX>
     <CMPNAME>PUT_ACEPRECLAMO</CMPNAME>
     <SCONAME>ZDTE_RESPAR</SCONAME>
     <LANGU>S</LANGU>
     <DESCRIPT>Respuesta de Acepta/reclamo</DESCRIPT>
    </SEOSUBCOTX>
    <SEOSUBCOTX>
     <CMPNAME>UPDATE_DOC_FI</CMPNAME>
     <SCONAME>GO_LOGF</SCONAME>
     <LANGU>S</LANGU>
     <DESCRIPT>Log standard SAP</DESCRIPT>
    </SEOSUBCOTX>
    <SEOSUBCOTX>
     <CMPNAME>UPDATE_DOC_FI</CMPNAME>
     <SCONAME>LT_DOCFI</SCONAME>
     <LANGU>S</LANGU>
     <DESCRIPT>FI</DESCRIPT>
    </SEOSUBCOTX>
    <SEOSUBCOTX>
     <CMPNAME>WRITE_ACEPRECLAMO</CMPNAME>
     <SCONAME>ITAB</SCONAME>
     <LANGU>S</LANGU>
     <DESCRIPT>Fecha de recepcion de SII</DESCRIPT>
    </SEOSUBCOTX>
    <SEOSUBCOTX>
     <CMPNAME>WRITE_ACEPRECLAMO</CMPNAME>
     <SCONAME>I_BUKRS</SCONAME>
     <LANGU>S</LANGU>
     <DESCRIPT>Sociedad</DESCRIPT>
    </SEOSUBCOTX>
    <SEOSUBCOTX>
     <CMPNAME>WRITE_ACEPRECLAMO</CMPNAME>
     <SCONAME>ZDTE_RESPAR</SCONAME>
     <LANGU>S</LANGU>
     <DESCRIPT>Respuesta de aceptacion/reclamo de Doc.Electronico</DESCRIPT>
    </SEOSUBCOTX>
    <SEOSUBCOTX>
     <CMPNAME>WRITE_FECHASII</CMPNAME>
     <SCONAME>LT_ZCB_RECFACTPROVFECHASII</SCONAME>
     <LANGU>S</LANGU>
     <DESCRIPT>Registro de fecha de recepción de SII</DESCRIPT>
    </SEOSUBCOTX>
    <SEOSUBCOTX>
     <CMPNAME>WRITE_FECHASII</CMPNAME>
     <SCONAME>S_BUKRS</SCONAME>
     <LANGU>S</LANGU>
     <DESCRIPT>Sociedad</DESCRIPT>
    </SEOSUBCOTX>
    <SEOSUBCOTX>
     <CMPNAME>WS_FACTORIN</CMPNAME>
     <SCONAME>E_FACTORY_TAB</SCONAME>
     <LANGU>S</LANGU>
     <DESCRIPT>Tipo tabla estructura factory</DESCRIPT>
    </SEOSUBCOTX>
    <SEOSUBCOTX>
     <CMPNAME>WS_FACTORIN</CMPNAME>
     <SCONAME>P_FECHA</SCONAME>
     <LANGU>S</LANGU>
     <DESCRIPT>Fecha de documentos</DESCRIPT>
    </SEOSUBCOTX>
    <SEOSUBCOTX>
     <CMPNAME>WS_LISTADO_FACTRECSII</CMPNAME>
     <SCONAME>P_BEGDA</SCONAME>
     <LANGU>S</LANGU>
     <DESCRIPT>Fecha desde</DESCRIPT>
    </SEOSUBCOTX>
    <SEOSUBCOTX>
     <CMPNAME>WS_LISTADO_FACTRECSII</CMPNAME>
     <SCONAME>P_ENDDA</SCONAME>
     <LANGU>S</LANGU>
     <DESCRIPT>Fecha hasta</DESCRIPT>
    </SEOSUBCOTX>
    <SEOSUBCOTX>
     <CMPNAME>WS_LISTADO_FACTRECSIINW</CMPNAME>
     <SCONAME>P_PERIODO</SCONAME>
     <LANGU>S</LANGU>
     <DESCRIPT>Periodo de análisis Mes</DESCRIPT>
    </SEOSUBCOTX>
    <SEOSUBCOTX>
     <CMPNAME>WS_LISTADO_FACTSII</CMPNAME>
     <SCONAME>P_PERIODO</SCONAME>
     <LANGU>S</LANGU>
     <DESCRIPT>Periodo de análisis Mes</DESCRIPT>
    </SEOSUBCOTX>
   </DESCRIPTIONS_SUB>
  </asx:values>
 </asx:abap>
</abapGit>
