﻿<?xml version="1.0" encoding="utf-8"?>
<abapGit version="v1.0.0" serializer="LCL_OBJECT_CLAS" serializer_version="v1.0.0">
 <asx:abap xmlns:asx="http://www.sap.com/abapxml" version="1.0">
  <asx:values>
   <VSEOCLASS>
    <CLSNAME>ZCL_BAL_LOG_DTE</CLSNAME>
    <LANGU>S</LANGU>
    <DESCRIPT>Log standard SAP</DESCRIPT>
    <STATE>1</STATE>
    <CLSCCINCL>X</CLSCCINCL>
    <FIXPT>X</FIXPT>
    <UNICODE>X</UNICODE>
   </VSEOCLASS>
   <DESCRIPTIONS>
    <SEOCOMPOTX>
     <CMPNAME>CONSTRUCTOR</CMPNAME>
     <LANGU>S</LANGU>
     <DESCRIPT>CONSTRUCTOR</DESCRIPT>
    </SEOCOMPOTX>
    <SEOCOMPOTX>
     <CMPNAME>CONTENATE_MSG</CMPNAME>
     <LANGU>S</LANGU>
     <DESCRIPT>Concaenate msg v1/v2/v3/v4</DESCRIPT>
    </SEOCOMPOTX>
   </DESCRIPTIONS>
   <DESCRIPTIONS_SUB>
    <SEOSUBCOTX>
     <CMPNAME>CONTENATE_MSG</CMPNAME>
     <SCONAME>MSGV1</SCONAME>
     <LANGU>S</LANGU>
     <DESCRIPT>Variable de mensaje</DESCRIPT>
    </SEOSUBCOTX>
    <SEOSUBCOTX>
     <CMPNAME>CONTENATE_MSG</CMPNAME>
     <SCONAME>MSGV2</SCONAME>
     <LANGU>S</LANGU>
     <DESCRIPT>Variable de mensaje</DESCRIPT>
    </SEOSUBCOTX>
    <SEOSUBCOTX>
     <CMPNAME>CONTENATE_MSG</CMPNAME>
     <SCONAME>MSGV3</SCONAME>
     <LANGU>S</LANGU>
     <DESCRIPT>Variable de mensaje</DESCRIPT>
    </SEOSUBCOTX>
    <SEOSUBCOTX>
     <CMPNAME>CONTENATE_MSG</CMPNAME>
     <SCONAME>MSGV4</SCONAME>
     <LANGU>S</LANGU>
     <DESCRIPT>Variable de mensaje</DESCRIPT>
    </SEOSUBCOTX>
   </DESCRIPTIONS_SUB>
  </asx:values>
 </asx:abap>
</abapGit>
