﻿<?xml version="1.0" encoding="utf-8"?>
<abapGit version="v1.0.0" serializer="LCL_OBJECT_CLAS" serializer_version="v1.0.0">
 <asx:abap xmlns:asx="http://www.sap.com/abapxml" version="1.0">
  <asx:values>
   <VSEOCLASS>
    <CLSNAME>ZCL_DTE_MONITOR_CL</CLSNAME>
    <LANGU>S</LANGU>
    <DESCRIPT>Monitor de Factura electronica Chile</DESCRIPT>
    <STATE>1</STATE>
    <CLSCCINCL>X</CLSCCINCL>
    <FIXPT>X</FIXPT>
    <UNICODE>X</UNICODE>
   </VSEOCLASS>
   <TPOOL>
    <item>
     <ID>I</ID>
     <KEY>010</KEY>
     <ENTRY>¿Desea aceptar el documento</ENTRY>
     <LENGTH>54</LENGTH>
    </item>
    <item>
     <ID>I</ID>
     <KEY>011</KEY>
     <ENTRY>¿Desea rechazar el documento</ENTRY>
     <LENGTH>56</LENGTH>
    </item>
    <item>
     <ID>I</ID>
     <KEY>012</KEY>
     <ENTRY>Glosa</ENTRY>
     <LENGTH>15</LENGTH>
    </item>
    <item>
     <ID>I</ID>
     <KEY>013</KEY>
     <ENTRY>Aceptación/Rechazo</ENTRY>
     <LENGTH>28</LENGTH>
    </item>
    <item>
     <ID>I</ID>
     <KEY>050</KEY>
     <ENTRY>¿Desea Modificar el estatus?</ENTRY>
     <LENGTH>56</LENGTH>
    </item>
    <item>
     <ID>I</ID>
     <KEY>100</KEY>
     <ENTRY>¿Desea visualizar la factura?</ENTRY>
     <LENGTH>58</LENGTH>
    </item>
    <item>
     <ID>I</ID>
     <KEY>200</KEY>
     <ENTRY>No se pudo crear el archivo de envio.</ENTRY>
     <LENGTH>74</LENGTH>
    </item>
    <item>
     <ID>I</ID>
     <KEY>201</KEY>
     <ENTRY>No es posible encontrar la ruta en  configuración(ZDTE_XML)</ENTRY>
     <LENGTH>118</LENGTH>
    </item>
    <item>
     <ID>I</ID>
     <KEY>202</KEY>
     <ENTRY>Documento Aceptado con éxito</ENTRY>
     <LENGTH>56</LENGTH>
    </item>
    <item>
     <ID>I</ID>
     <KEY>210</KEY>
     <ENTRY>No hay liberador seleccionado</ENTRY>
     <LENGTH>58</LENGTH>
    </item>
    <item>
     <ID>I</ID>
     <KEY>211</KEY>
     <ENTRY>No hay configuración asociada para esta sociedad en la tabla ZTFI_0078</ENTRY>
     <LENGTH>132</LENGTH>
    </item>
    <item>
     <ID>I</ID>
     <KEY>212</KEY>
     <ENTRY>No hay comunicación con el servicio web</ENTRY>
     <LENGTH>78</LENGTH>
    </item>
    <item>
     <ID>I</ID>
     <KEY>213</KEY>
     <ENTRY>Documento rechazado con éxito</ENTRY>
     <LENGTH>58</LENGTH>
    </item>
    <item>
     <ID>I</ID>
     <KEY>214</KEY>
     <ENTRY>No se ha escrito glosa al rechazar el documento</ENTRY>
     <LENGTH>94</LENGTH>
    </item>
    <item>
     <ID>I</ID>
     <KEY>215</KEY>
     <ENTRY>Status de la Factura no permitido, solo se permite estatus ‘2/9/P’ para enviar a WF</ENTRY>
     <LENGTH>132</LENGTH>
    </item>
    <item>
     <ID>I</ID>
     <KEY>216</KEY>
     <ENTRY>Documento</ENTRY>
     <LENGTH>19</LENGTH>
    </item>
    <item>
     <ID>I</ID>
     <KEY>217</KEY>
     <ENTRY> Fue ya modificado por otro usuario</ENTRY>
     <LENGTH>70</LENGTH>
    </item>
    <item>
     <ID>I</ID>
     <KEY>220</KEY>
     <ENTRY>Su Documento Elect. Fue Aceptado</ENTRY>
     <LENGTH>64</LENGTH>
    </item>
    <item>
     <ID>I</ID>
     <KEY>221</KEY>
     <ENTRY>Error al Aceptar/Rechazar Doc en SII, ver Log</ENTRY>
     <LENGTH>90</LENGTH>
    </item>
    <item>
     <ID>I</ID>
     <KEY>222</KEY>
     <ENTRY>Folio Esta siendo tratado por otro usuario</ENTRY>
     <LENGTH>84</LENGTH>
    </item>
    <item>
     <ID>I</ID>
     <KEY>223</KEY>
     <ENTRY>Se Proceso con exito su solicitud</ENTRY>
     <LENGTH>66</LENGTH>
    </item>
    <item>
     <ID>I</ID>
     <KEY>224</KEY>
     <ENTRY>Documento con Estatus A no se puede Aceptar/Rechazar/Cerrar</ENTRY>
     <LENGTH>118</LENGTH>
    </item>
    <item>
     <ID>I</ID>
     <KEY>225</KEY>
     <ENTRY>Solo Se Pueden ReprocesarDoc con Estatus &apos;A&apos;</ENTRY>
     <LENGTH>88</LENGTH>
    </item>
    <item>
     <ID>I</ID>
     <KEY>226</KEY>
     <ENTRY>Solo se pueden Procesar Registros con Proveedor(CrearProveedor/Refrescar)</ENTRY>
     <LENGTH>132</LENGTH>
    </item>
    <item>
     <ID>I</ID>
     <KEY>227</KEY>
     <ENTRY>No se indico Glosa de cierre de Doc</ENTRY>
     <LENGTH>70</LENGTH>
    </item>
    <item>
     <ID>I</ID>
     <KEY>228</KEY>
     <ENTRY>Documentos Cerrados con éxito</ENTRY>
     <LENGTH>58</LENGTH>
    </item>
    <item>
     <ID>I</ID>
     <KEY>229</KEY>
     <ENTRY>Cierre de Documentos</ENTRY>
     <LENGTH>40</LENGTH>
    </item>
    <item>
     <ID>I</ID>
     <KEY>300</KEY>
     <ENTRY>¿Desea guardar los cambios?</ENTRY>
     <LENGTH>54</LENGTH>
    </item>
    <item>
     <ID>I</ID>
     <KEY>301</KEY>
     <ENTRY>Días transcurridos</ENTRY>
     <LENGTH>28</LENGTH>
    </item>
    <item>
     <ID>I</ID>
     <KEY>310</KEY>
     <ENTRY>Tipo Proveedor DTE</ENTRY>
     <LENGTH>28</LENGTH>
    </item>
    <item>
     <ID>I</ID>
     <KEY>311</KEY>
     <ENTRY>Descripción Tipo prov. DTE</ENTRY>
     <LENGTH>52</LENGTH>
    </item>
    <item>
     <ID>I</ID>
     <KEY>320</KEY>
     <ENTRY>Centro</ENTRY>
     <LENGTH>16</LENGTH>
    </item>
    <item>
     <ID>I</ID>
     <KEY>321</KEY>
     <ENTRY>Hoja Entrada Servicio</ENTRY>
     <LENGTH>42</LENGTH>
    </item>
    <item>
     <ID>I</ID>
     <KEY>322</KEY>
     <ENTRY>Contrato</ENTRY>
     <LENGTH>18</LENGTH>
    </item>
    <item>
     <ID>I</ID>
     <KEY>323</KEY>
     <ENTRY>Fecha Base</ENTRY>
     <LENGTH>20</LENGTH>
    </item>
    <item>
     <ID>I</ID>
     <KEY>324</KEY>
     <ENTRY>Nro.DocumentoFI</ENTRY>
     <LENGTH>25</LENGTH>
    </item>
    <item>
     <ID>I</ID>
     <KEY>325</KEY>
     <ENTRY>Nº doc.FI</ENTRY>
     <LENGTH>19</LENGTH>
    </item>
    <item>
     <ID>I</ID>
     <KEY>327</KEY>
     <ENTRY>Fecha de Contabilización</ENTRY>
     <LENGTH>48</LENGTH>
    </item>
    <item>
     <ID>I</ID>
     <KEY>328</KEY>
     <ENTRY>Mod.Fecha de contabilización</ENTRY>
     <LENGTH>56</LENGTH>
    </item>
    <item>
     <ID>I</ID>
     <KEY>400</KEY>
     <ENTRY>¿Desea abrir el documento PDF relacionado?</ENTRY>
     <LENGTH>84</LENGTH>
    </item>
    <item>
     <ID>I</ID>
     <KEY>402</KEY>
     <ENTRY>Monitor DTE</ENTRY>
     <LENGTH>21</LENGTH>
    </item>
    <item>
     <ID>I</ID>
     <KEY>403</KEY>
     <ENTRY>Ingrese Glosa de rechazo</ENTRY>
     <LENGTH>48</LENGTH>
    </item>
    <item>
     <ID>I</ID>
     <KEY>404</KEY>
     <ENTRY>Ya fue replanificado, No esta en estatus &apos;3&apos; en La tabla RBKP</ENTRY>
     <LENGTH>122</LENGTH>
    </item>
    <item>
     <ID>I</ID>
     <KEY>GL1</KEY>
     <ENTRY>Su Documento Elect.Fue Rechazado</ENTRY>
     <LENGTH>64</LENGTH>
    </item>
    <item>
     <ID>I</ID>
     <KEY>GL2</KEY>
     <ENTRY>Su Documento Elect.Fue Aceptado</ENTRY>
     <LENGTH>62</LENGTH>
    </item>
    <item>
     <ID>I</ID>
     <KEY>GL3</KEY>
     <ENTRY>Su Documento fue Cerrado con exito</ENTRY>
     <LENGTH>68</LENGTH>
    </item>
   </TPOOL>
   <DESCRIPTIONS>
    <SEOCOMPOTX>
     <CMPNAME>DATOS_COR_RECH</CMPNAME>
     <LANGU>S</LANGU>
     <DESCRIPT>Datos de correo rechazo</DESCRIPT>
    </SEOCOMPOTX>
   </DESCRIPTIONS>
   <DESCRIPTIONS_SUB>
    <SEOSUBCOTX>
     <CMPNAME>DATOS_COR_RECH</CMPNAME>
     <SCONAME>E_CORREO</SCONAME>
     <LANGU>S</LANGU>
     <DESCRIPT>Carácter 100</DESCRIPT>
    </SEOSUBCOTX>
    <SEOSUBCOTX>
     <CMPNAME>DATOS_COR_RECH</CMPNAME>
     <SCONAME>E_SENDER</SCONAME>
     <LANGU>S</LANGU>
     <DESCRIPT>Carácter 100</DESCRIPT>
    </SEOSUBCOTX>
    <SEOSUBCOTX>
     <CMPNAME>DATOS_COR_RECH</CMPNAME>
     <SCONAME>E_TEXTCOR</SCONAME>
     <LANGU>S</LANGU>
     <DESCRIPT>20 caract.</DESCRIPT>
    </SEOSUBCOTX>
    <SEOSUBCOTX>
     <CMPNAME>DATOS_COR_RECH</CMPNAME>
     <SCONAME>I_REG</SCONAME>
     <LANGU>S</LANGU>
     <DESCRIPT>Salida para monitor ALV DTE</DESCRIPT>
    </SEOSUBCOTX>
   </DESCRIPTIONS_SUB>
  </asx:values>
 </asx:abap>
</abapGit>
