﻿<?xml version="1.0" encoding="utf-8"?>
<abapGit version="v1.0.0" serializer="LCL_OBJECT_DTEL" serializer_version="v1.0.0">
 <asx:abap xmlns:asx="http://www.sap.com/abapxml" version="1.0">
  <asx:values>
   <DD04V>
    <ROLLNAME>ZCLAVE</ROLLNAME>
    <DDLANGUAGE>S</DDLANGUAGE>
    <DOMNAME>ZDTE_CHAR4</DOMNAME>
    <HEADLEN>55</HEADLEN>
    <SCRLEN1>10</SCRLEN1>
    <SCRLEN2>20</SCRLEN2>
    <SCRLEN3>40</SCRLEN3>
    <DDTEXT>Clave de Interfaz Mapeo</DDTEXT>
    <REPTEXT>ClaveInt</REPTEXT>
    <SCRTEXT_S>ClaveInt</SCRTEXT_S>
    <SCRTEXT_M>ClaveInt</SCRTEXT_M>
    <SCRTEXT_L>ClaveInt</SCRTEXT_L>
    <DTELMASTER>S</DTELMASTER>
    <REFKIND>D</REFKIND>
   </DD04V>
  </asx:values>
 </asx:abap>
</abapGit>
