﻿<?xml version="1.0" encoding="utf-8"?>
<abapGit version="v1.0.0" serializer="LCL_OBJECT_DTEL" serializer_version="v1.0.0">
 <asx:abap xmlns:asx="http://www.sap.com/abapxml" version="1.0">
  <asx:values>
   <DD04V>
    <ROLLNAME>ZCORREOEMISOR</ROLLNAME>
    <DDLANGUAGE>S</DDLANGUAGE>
    <DOMNAME>CHAR80</DOMNAME>
    <HEADLEN>55</HEADLEN>
    <SCRLEN1>10</SCRLEN1>
    <SCRLEN2>15</SCRLEN2>
    <SCRLEN3>40</SCRLEN3>
    <DDTEXT>Correo Elect. de contacto en empresa del  receptor</DDTEXT>
    <REPTEXT>Correo Elect. de contacto en empresa del  receptor</REPTEXT>
    <SCRTEXT_S>Correo</SCRTEXT_S>
    <SCRTEXT_M>Correo</SCRTEXT_M>
    <SCRTEXT_L>Correo Elect. de contacto en empresa del</SCRTEXT_L>
    <DTELMASTER>S</DTELMASTER>
    <REFKIND>D</REFKIND>
   </DD04V>
  </asx:values>
 </asx:abap>
</abapGit>
