﻿<?xml version="1.0" encoding="utf-8"?>
<abapGit version="v1.0.0" serializer="LCL_OBJECT_DTEL" serializer_version="v1.0.0">
 <asx:abap xmlns:asx="http://www.sap.com/abapxml" version="1.0">
  <asx:values>
   <DD04V>
    <ROLLNAME>ZDE_MONTOFIN</ROLLNAME>
    <DDLANGUAGE>S</DDLANGUAGE>
    <DOMNAME>DECV15</DOMNAME>
    <HEADLEN>21</HEADLEN>
    <SCRLEN1>10</SCRLEN1>
    <SCRLEN2>20</SCRLEN2>
    <SCRLEN3>40</SCRLEN3>
    <DDTEXT>Monto Hasta</DDTEXT>
    <REPTEXT>Monto Hasta</REPTEXT>
    <SCRTEXT_S>Mto.hasta</SCRTEXT_S>
    <SCRTEXT_M>Monto Hasta</SCRTEXT_M>
    <SCRTEXT_L>Monto Hasta</SCRTEXT_L>
    <DTELMASTER>S</DTELMASTER>
    <REFKIND>D</REFKIND>
   </DD04V>
  </asx:values>
 </asx:abap>
</abapGit>
