﻿<?xml version="1.0" encoding="utf-8"?>
<abapGit version="v1.0.0" serializer="LCL_OBJECT_DTEL" serializer_version="v1.0.0">
 <asx:abap xmlns:asx="http://www.sap.com/abapxml" version="1.0">
  <asx:values>
   <DD04V>
    <ROLLNAME>ZDE_CORRID</ROLLNAME>
    <DDLANGUAGE>S</DDLANGUAGE>
    <HEADLEN>55</HEADLEN>
    <SCRLEN1>10</SCRLEN1>
    <SCRLEN2>20</SCRLEN2>
    <SCRLEN3>40</SCRLEN3>
    <DDTEXT>Correlativo</DDTEXT>
    <REPTEXT>Correlativo</REPTEXT>
    <SCRTEXT_S>Correlativ</SCRTEXT_S>
    <SCRTEXT_M>Correlativo</SCRTEXT_M>
    <SCRTEXT_L>Correlativo</SCRTEXT_L>
    <DTELMASTER>S</DTELMASTER>
    <DATATYPE>NUMC</DATATYPE>
    <LENG>000002</LENG>
    <OUTPUTLEN>000002</OUTPUTLEN>
   </DD04V>
  </asx:values>
 </asx:abap>
</abapGit>
