﻿<?xml version="1.0" encoding="utf-8"?>
<abapGit version="v1.0.0" serializer="LCL_OBJECT_DTEL" serializer_version="v1.0.0">
 <asx:abap xmlns:asx="http://www.sap.com/abapxml" version="1.0">
  <asx:values>
   <DD04V>
    <ROLLNAME>ZDE_CPUTMXML</ROLLNAME>
    <DDLANGUAGE>S</DDLANGUAGE>
    <DOMNAME>UZEIT</DOMNAME>
    <HEADLEN>19</HEADLEN>
    <SCRLEN1>10</SCRLEN1>
    <SCRLEN2>17</SCRLEN2>
    <SCRLEN3>20</SCRLEN3>
    <DDTEXT>Hora de entrada XML</DDTEXT>
    <REPTEXT>Hora de entrada XML</REPTEXT>
    <SCRTEXT_S>Hora XML</SCRTEXT_S>
    <SCRTEXT_M>Hora de entr. XML</SCRTEXT_M>
    <SCRTEXT_L>Hora de entrada XML</SCRTEXT_L>
    <DTELMASTER>S</DTELMASTER>
    <REFKIND>D</REFKIND>
   </DD04V>
  </asx:values>
 </asx:abap>
</abapGit>
