﻿<?xml version="1.0" encoding="utf-8"?>
<abapGit version="v1.0.0" serializer="LCL_OBJECT_DTEL" serializer_version="v1.0.0">
 <asx:abap xmlns:asx="http://www.sap.com/abapxml" version="1.0">
  <asx:values>
   <DD04V>
    <ROLLNAME>ZDE_DESC_FMAPAGO</ROLLNAME>
    <DDLANGUAGE>S</DDLANGUAGE>
    <DOMNAME>CHAR30</DOMNAME>
    <HEADLEN>22</HEADLEN>
    <SCRLEN1>10</SCRLEN1>
    <SCRLEN2>19</SCRLEN2>
    <SCRLEN3>22</SCRLEN3>
    <DDTEXT>Descripción Forma de pago</DDTEXT>
    <REPTEXT>Descripción Forma Pago</REPTEXT>
    <SCRTEXT_S>Des.Fmpago</SCRTEXT_S>
    <SCRTEXT_M>Descrip. Forma Pago</SCRTEXT_M>
    <SCRTEXT_L>Descripción Forma Pago</SCRTEXT_L>
    <DTELMASTER>S</DTELMASTER>
    <REFKIND>D</REFKIND>
   </DD04V>
  </asx:values>
 </asx:abap>
</abapGit>
