﻿<?xml version="1.0" encoding="utf-8"?>
<abapGit version="v1.0.0" serializer="LCL_OBJECT_DTEL" serializer_version="v1.0.0">
 <asx:abap xmlns:asx="http://www.sap.com/abapxml" version="1.0">
  <asx:values>
   <DD04V>
    <ROLLNAME>ZDE_EBELNFICT</ROLLNAME>
    <DDLANGUAGE>S</DDLANGUAGE>
    <DOMNAME>EBELN</DOMNAME>
    <HEADLEN>22</HEADLEN>
    <SCRLEN1>10</SCRLEN1>
    <SCRLEN2>16</SCRLEN2>
    <SCRLEN3>22</SCRLEN3>
    <DDTEXT>Número de Orden de Compra Ficticia</DDTEXT>
    <REPTEXT>Docto compras Ficticio</REPTEXT>
    <SCRTEXT_S>Doc.cm.Fic</SCRTEXT_S>
    <SCRTEXT_M>Doc.compras.Fic.</SCRTEXT_M>
    <SCRTEXT_L>Docto compras Ficticio</SCRTEXT_L>
    <DTELMASTER>S</DTELMASTER>
    <REFKIND>D</REFKIND>
   </DD04V>
  </asx:values>
 </asx:abap>
</abapGit>
