﻿<?xml version="1.0" encoding="utf-8"?>
<abapGit version="v1.0.0" serializer="LCL_OBJECT_DTEL" serializer_version="v1.0.0">
 <asx:abap xmlns:asx="http://www.sap.com/abapxml" version="1.0">
  <asx:values>
   <DD04V>
    <ROLLNAME>ZDE_FMAPAGO</ROLLNAME>
    <DDLANGUAGE>S</DDLANGUAGE>
    <DOMNAME>ZDO_FMAPAGO</DOMNAME>
    <HEADLEN>13</HEADLEN>
    <SCRLEN1>07</SCRLEN1>
    <SCRLEN2>10</SCRLEN2>
    <SCRLEN3>13</SCRLEN3>
    <DDTEXT>Forma de Pago</DDTEXT>
    <REPTEXT>Forma de Pago</REPTEXT>
    <SCRTEXT_S>FmaPago</SCRTEXT_S>
    <SCRTEXT_M>Forma Pago</SCRTEXT_M>
    <SCRTEXT_L>Forma de Pago</SCRTEXT_L>
    <DTELMASTER>S</DTELMASTER>
    <REFKIND>D</REFKIND>
   </DD04V>
  </asx:values>
 </asx:abap>
</abapGit>
