﻿<?xml version="1.0" encoding="utf-8"?>
<abapGit version="v1.0.0" serializer="LCL_OBJECT_DTEL" serializer_version="v1.0.0">
 <asx:abap xmlns:asx="http://www.sap.com/abapxml" version="1.0">
  <asx:values>
   <DD04V>
    <ROLLNAME>ZDE_CPUDTXML</ROLLNAME>
    <DDLANGUAGE>S</DDLANGUAGE>
    <DOMNAME>DATUM</DOMNAME>
    <HEADLEN>14</HEADLEN>
    <SCRLEN1>07</SCRLEN1>
    <SCRLEN2>14</SCRLEN2>
    <SCRLEN3>14</SCRLEN3>
    <DDTEXT>Fecha de Entrada XML</DDTEXT>
    <REPTEXT>Fec. Carga XML</REPTEXT>
    <SCRTEXT_S>Fec.XML</SCRTEXT_S>
    <SCRTEXT_M>Fec. Carga XML</SCRTEXT_M>
    <SCRTEXT_L>Fec. Carga XML</SCRTEXT_L>
    <DTELMASTER>S</DTELMASTER>
    <REFKIND>D</REFKIND>
   </DD04V>
  </asx:values>
 </asx:abap>
</abapGit>
