﻿<?xml version="1.0" encoding="utf-8"?>
<abapGit version="v1.0.0" serializer="LCL_OBJECT_DOMA" serializer_version="v1.0.0">
 <asx:abap xmlns:asx="http://www.sap.com/abapxml" version="1.0">
  <asx:values>
   <DD01V>
    <DOMNAME>ZDO_FMAPAGO</DOMNAME>
    <DDLANGUAGE>S</DDLANGUAGE>
    <DATATYPE>CHAR</DATATYPE>
    <LENG>000001</LENG>
    <OUTPUTLEN>000001</OUTPUTLEN>
    <VALEXI>X</VALEXI>
    <DDTEXT>Forma de Pago</DDTEXT>
   </DD01V>
   <DD07V_TAB>
    <DD07V>
     <VALPOS>0001</VALPOS>
     <DDLANGUAGE>S</DDLANGUAGE>
    </DD07V>
    <DD07V>
     <VALPOS>0002</VALPOS>
     <DDLANGUAGE>S</DDLANGUAGE>
     <DOMVALUE_L>1</DOMVALUE_L>
     <DDTEXT>Contado</DDTEXT>
    </DD07V>
    <DD07V>
     <VALPOS>0003</VALPOS>
     <DDLANGUAGE>S</DDLANGUAGE>
     <DOMVALUE_L>2</DOMVALUE_L>
     <DDTEXT>Crédito</DDTEXT>
    </DD07V>
    <DD07V>
     <VALPOS>0004</VALPOS>
     <DDLANGUAGE>S</DDLANGUAGE>
     <DOMVALUE_L>3</DOMVALUE_L>
     <DDTEXT>Sin costo (entrega gratuita)</DDTEXT>
    </DD07V>
   </DD07V_TAB>
  </asx:values>
 </asx:abap>
</abapGit>
