﻿<?xml version="1.0" encoding="utf-8"?>
<abapGit version="v1.0.0" serializer="LCL_OBJECT_MSAG" serializer_version="v1.0.0">
 <asx:abap xmlns:asx="http://www.sap.com/abapxml" version="1.0">
  <asx:values>
   <T100A>
    <ARBGB>ZDTE_0001</ARBGB>
    <MASTERLANG>S</MASTERLANG>
    <STEXT>Clase de mensajes ZDTE</STEXT>
   </T100A>
   <T100>
    <T100>
     <SPRSL>S</SPRSL>
     <ARBGB>ZDTE_0001</ARBGB>
     <MSGNR>000</MSGNR>
     <TEXT>El acreedor no se ha creado para la Sociedad &amp;</TEXT>
    </T100>
    <T100>
     <SPRSL>S</SPRSL>
     <ARBGB>ZDTE_0001</ARBGB>
     <MSGNR>001</MSGNR>
     <TEXT>La fecha de emisión de la factura supera los días permitidos por la soc &amp;</TEXT>
    </T100>
    <T100>
     <SPRSL>S</SPRSL>
     <ARBGB>ZDTE_0001</ARBGB>
     <MSGNR>002</MSGNR>
     <TEXT>La factura no tiene asociada un OC</TEXT>
    </T100>
    <T100>
     <SPRSL>S</SPRSL>
     <ARBGB>ZDTE_0001</ARBGB>
     <MSGNR>003</MSGNR>
     <TEXT>El Rut de proveedor de OC no concuerda con Rut de proveedor de factura</TEXT>
    </T100>
    <T100>
     <SPRSL>S</SPRSL>
     <ARBGB>ZDTE_0001</ARBGB>
     <MSGNR>004</MSGNR>
     <TEXT>El Rut de sociedad &amp; no concuerda con Rut de la sociedad receptora</TEXT>
    </T100>
    <T100>
     <SPRSL>S</SPRSL>
     <ARBGB>ZDTE_0001</ARBGB>
     <MSGNR>005</MSGNR>
     <TEXT>Orden de compra sin HES</TEXT>
    </T100>
    <T100>
     <SPRSL>S</SPRSL>
     <ARBGB>ZDTE_0001</ARBGB>
     <MSGNR>006</MSGNR>
     <TEXT>Factura rechazada por que no tiene relacionada una OC – PL</TEXT>
    </T100>
    <T100>
     <SPRSL>S</SPRSL>
     <ARBGB>ZDTE_0001</ARBGB>
     <MSGNR>007</MSGNR>
     <TEXT>&amp;</TEXT>
    </T100>
    <T100>
     <SPRSL>S</SPRSL>
     <ARBGB>ZDTE_0001</ARBGB>
     <MSGNR>008</MSGNR>
     <TEXT>Proveedor &amp;1 no esta clasificado</TEXT>
    </T100>
    <T100>
     <SPRSL>S</SPRSL>
     <ARBGB>ZDTE_0001</ARBGB>
     <MSGNR>009</MSGNR>
     <TEXT>Debe homologar el tipo DTE para tipo de imputación (Trx. ZDTE_0004)</TEXT>
    </T100>
    <T100>
     <SPRSL>S</SPRSL>
     <ARBGB>ZDTE_0001</ARBGB>
     <MSGNR>010</MSGNR>
     <TEXT>No existe posición del pedido</TEXT>
    </T100>
    <T100>
     <SPRSL>S</SPRSL>
     <ARBGB>ZDTE_0001</ARBGB>
     <MSGNR>011</MSGNR>
     <TEXT>No se encuentra conf. la tolerancia en días para aceptación de factura</TEXT>
    </T100>
    <T100>
     <SPRSL>S</SPRSL>
     <ARBGB>ZDTE_0001</ARBGB>
     <MSGNR>012</MSGNR>
     <TEXT>&amp; &amp; &amp; &amp;</TEXT>
    </T100>
    <T100>
     <SPRSL>S</SPRSL>
     <ARBGB>ZDTE_0001</ARBGB>
     <MSGNR>013</MSGNR>
     <TEXT>Contabilización rechazada</TEXT>
    </T100>
    <T100>
     <SPRSL>S</SPRSL>
     <ARBGB>ZDTE_0001</ARBGB>
     <MSGNR>014</MSGNR>
     <TEXT>No existe entrada de mercancía/HES aprob. para la orden de compra</TEXT>
    </T100>
    <T100>
     <SPRSL>S</SPRSL>
     <ARBGB>ZDTE_0001</ARBGB>
     <MSGNR>015</MSGNR>
     <TEXT>No existe entrada de mercancía/HES aprob. para la orden de compra</TEXT>
    </T100>
    <T100>
     <SPRSL>S</SPRSL>
     <ARBGB>ZDTE_0001</ARBGB>
     <MSGNR>016</MSGNR>
     <TEXT>No existe entrada de mercancía/HES aprob. para la orden de compra</TEXT>
    </T100>
    <T100>
     <SPRSL>S</SPRSL>
     <ARBGB>ZDTE_0001</ARBGB>
     <MSGNR>017</MSGNR>
     <TEXT>Prohibición de contabilización por cierre de período Tx. ZDTE_0005</TEXT>
    </T100>
    <T100>
     <SPRSL>S</SPRSL>
     <ARBGB>ZDTE_0001</ARBGB>
     <MSGNR>018</MSGNR>
     <TEXT>No existe entrada de mercancía/HES aprob. para la orden de compra</TEXT>
    </T100>
    <T100>
     <SPRSL>S</SPRSL>
     <ARBGB>ZDTE_0001</ARBGB>
     <MSGNR>019</MSGNR>
     <TEXT>El R.U.T de la subsidiaria y central no concuerda</TEXT>
    </T100>
    <T100>
     <SPRSL>S</SPRSL>
     <ARBGB>ZDTE_0001</ARBGB>
     <MSGNR>020</MSGNR>
     <TEXT>La HES envia XML no es válida o no tiene OC asociada</TEXT>
    </T100>
    <T100>
     <SPRSL>S</SPRSL>
     <ARBGB>ZDTE_0001</ARBGB>
     <MSGNR>021</MSGNR>
     <TEXT>La OC indicada en ref. 801 no existe en SAP</TEXT>
    </T100>
    <T100>
     <SPRSL>S</SPRSL>
     <ARBGB>ZDTE_0001</ARBGB>
     <MSGNR>022</MSGNR>
     <TEXT>HES/GEM no cuadra con valor Factura.</TEXT>
    </T100>
    <T100>
     <SPRSL>S</SPRSL>
     <ARBGB>ZDTE_0001</ARBGB>
     <MSGNR>023</MSGNR>
     <TEXT>Tabla de homologación ZTFI_0001 esta vacía</TEXT>
    </T100>
    <T100>
     <SPRSL>S</SPRSL>
     <ARBGB>ZDTE_0001</ARBGB>
     <MSGNR>024</MSGNR>
     <TEXT>Error al importar archivo &amp;1.</TEXT>
    </T100>
    <T100>
     <SPRSL>S</SPRSL>
     <ARBGB>ZDTE_0001</ARBGB>
     <MSGNR>025</MSGNR>
     <TEXT>Archivo &amp;1 procesado satisfactoriamente.</TEXT>
    </T100>
    <T100>
     <SPRSL>S</SPRSL>
     <ARBGB>ZDTE_0001</ARBGB>
     <MSGNR>026</MSGNR>
     <TEXT>No existe directorio origen &amp;1.</TEXT>
    </T100>
    <T100>
     <SPRSL>S</SPRSL>
     <ARBGB>ZDTE_0001</ARBGB>
     <MSGNR>027</MSGNR>
     <TEXT>No existe directorio destino &amp;1.</TEXT>
    </T100>
    <T100>
     <SPRSL>S</SPRSL>
     <ARBGB>ZDTE_0001</ARBGB>
     <MSGNR>028</MSGNR>
     <TEXT>Error en archivo XML &amp;</TEXT>
    </T100>
    <T100>
     <SPRSL>S</SPRSL>
     <ARBGB>ZDTE_0001</ARBGB>
     <MSGNR>029</MSGNR>
     <TEXT>Error al convertir archivo XML &amp;</TEXT>
    </T100>
    <T100>
     <SPRSL>S</SPRSL>
     <ARBGB>ZDTE_0001</ARBGB>
     <MSGNR>030</MSGNR>
     <TEXT>No se tiene Homologación de tipo Imp. SII y SAP.</TEXT>
    </T100>
    <T100>
     <SPRSL>S</SPRSL>
     <ARBGB>ZDTE_0001</ARBGB>
     <MSGNR>031</MSGNR>
     <TEXT>Proveedor &amp;1 no tiene asignado Determinacion Cta en trx. BP</TEXT>
    </T100>
    <T100>
     <SPRSL>S</SPRSL>
     <ARBGB>ZDTE_0001</ARBGB>
     <MSGNR>032</MSGNR>
     <TEXT>No se Ha cargado la Tabla de Determinación de cuenta trx. ZFI_0131</TEXT>
    </T100>
    <T100>
     <SPRSL>S</SPRSL>
     <ARBGB>ZDTE_0001</ARBGB>
     <MSGNR>033</MSGNR>
     <TEXT>No se Ha cargado la Tabla de Determinacion de cuenta, Prov. Tipo 5.</TEXT>
    </T100>
    <T100>
     <SPRSL>S</SPRSL>
     <ARBGB>ZDTE_0001</ARBGB>
     <MSGNR>034</MSGNR>
     <TEXT>El codico SII &amp;1 no posee cuenta asociada trx. ZDTE_0023</TEXT>
    </T100>
    <T100>
     <SPRSL>S</SPRSL>
     <ARBGB>ZDTE_0001</ARBGB>
     <MSGNR>035</MSGNR>
     <TEXT>Cl.Doc/Imput./Tipo.DTE, no se ha homologado trx. ZDTE_0004</TEXT>
    </T100>
    <T100>
     <SPRSL>S</SPRSL>
     <ARBGB>ZDTE_0001</ARBGB>
     <MSGNR>036</MSGNR>
     <TEXT>No se ha podido determinar cta. para deter.Cta. &amp;1 indicador &amp;2</TEXT>
    </T100>
    <T100>
     <SPRSL>S</SPRSL>
     <ARBGB>ZDTE_0001</ARBGB>
     <MSGNR>037</MSGNR>
     <TEXT>Todas las HES ya facturadas, sin HES pendientes</TEXT>
    </T100>
    <T100>
     <SPRSL>S</SPRSL>
     <ARBGB>ZDTE_0001</ARBGB>
     <MSGNR>038</MSGNR>
     <TEXT>WS: &amp;</TEXT>
    </T100>
    <T100>
     <SPRSL>S</SPRSL>
     <ARBGB>ZDTE_0001</ARBGB>
     <MSGNR>039</MSGNR>
     <TEXT>WS: &amp; &amp; &amp; &amp;</TEXT>
    </T100>
    <T100>
     <SPRSL>S</SPRSL>
     <ARBGB>ZDTE_0001</ARBGB>
     <MSGNR>040</MSGNR>
     <TEXT>No se encontro el Path de archivos recibidos &amp;</TEXT>
    </T100>
    <T100>
     <SPRSL>S</SPRSL>
     <ARBGB>ZDTE_0001</ARBGB>
     <MSGNR>041</MSGNR>
     <TEXT>No se pudo crear el archivo &amp;</TEXT>
    </T100>
    <T100>
     <SPRSL>S</SPRSL>
     <ARBGB>ZDTE_0001</ARBGB>
     <MSGNR>043</MSGNR>
     <TEXT>Error al registrar en tabla refencia SII el Folio: &amp;</TEXT>
    </T100>
    <T100>
     <SPRSL>S</SPRSL>
     <ARBGB>ZDTE_0001</ARBGB>
     <MSGNR>044</MSGNR>
     <TEXT>No Se tiene documentos Pendientes DBNET</TEXT>
    </T100>
    <T100>
     <SPRSL>S</SPRSL>
     <ARBGB>ZDTE_0001</ARBGB>
     <MSGNR>045</MSGNR>
     <TEXT>El Folio Ya existe en la Cabecera Ztfi_0074, Procesado en IDOC anterior</TEXT>
    </T100>
    <T100>
     <SPRSL>S</SPRSL>
     <ARBGB>ZDTE_0001</ARBGB>
     <MSGNR>046</MSGNR>
     <TEXT>En la tabla ztfi_0074FR no hay registros sin Fecha recepción SII</TEXT>
    </T100>
    <T100>
     <SPRSL>S</SPRSL>
     <ARBGB>ZDTE_0001</ARBGB>
     <MSGNR>047</MSGNR>
     <TEXT>DBNET No tiene el XML del folio: &amp;</TEXT>
    </T100>
    <T100>
     <SPRSL>S</SPRSL>
     <ARBGB>ZDTE_0001</ARBGB>
     <MSGNR>048</MSGNR>
     <TEXT>Se registró  el folio &amp; en tabla referencia SII (ztfi_0074FR)</TEXT>
    </T100>
    <T100>
     <SPRSL>S</SPRSL>
     <ARBGB>ZDTE_0001</ARBGB>
     <MSGNR>049</MSGNR>
     <TEXT>Error: &amp; con el archivo: &amp;</TEXT>
    </T100>
    <T100>
     <SPRSL>S</SPRSL>
     <ARBGB>ZDTE_0001</ARBGB>
     <MSGNR>050</MSGNR>
     <TEXT>El archivo &amp; esta vacio</TEXT>
    </T100>
    <T100>
     <SPRSL>S</SPRSL>
     <ARBGB>ZDTE_0001</ARBGB>
     <MSGNR>051</MSGNR>
     <TEXT>Arch. No existe o Path muy Largo &amp;</TEXT>
    </T100>
    <T100>
     <SPRSL>S</SPRSL>
     <ARBGB>ZDTE_0001</ARBGB>
     <MSGNR>052</MSGNR>
     <TEXT>Error al leer el archivo &amp;</TEXT>
    </T100>
    <T100>
     <SPRSL>S</SPRSL>
     <ARBGB>ZDTE_0001</ARBGB>
     <MSGNR>054</MSGNR>
     <TEXT>La OC no es de la sociedad o del proveedor, por favor verificar</TEXT>
    </T100>
    <T100>
     <SPRSL>S</SPRSL>
     <ARBGB>ZDTE_0001</ARBGB>
     <MSGNR>055</MSGNR>
     <TEXT>No tiene autorización para modificar registro en sociedad</TEXT>
    </T100>
    <T100>
     <SPRSL>S</SPRSL>
     <ARBGB>ZDTE_0001</ARBGB>
     <MSGNR>056</MSGNR>
     <TEXT>El Folio No existe en tabla de cabecera Ztfi_0074</TEXT>
    </T100>
    <T100>
     <SPRSL>S</SPRSL>
     <ARBGB>ZDTE_0001</ARBGB>
     <MSGNR>057</MSGNR>
     <TEXT>La Soc. no puede estar vacía</TEXT>
    </T100>
    <T100>
     <SPRSL>S</SPRSL>
     <ARBGB>ZDTE_0001</ARBGB>
     <MSGNR>058</MSGNR>
     <TEXT>EL tipoDte no puede ser vacío o diferente a 33-34-56-61</TEXT>
    </T100>
    <T100>
     <SPRSL>S</SPRSL>
     <ARBGB>ZDTE_0001</ARBGB>
     <MSGNR>059</MSGNR>
     <TEXT>El folio no puede estar Vacío</TEXT>
    </T100>
    <T100>
     <SPRSL>S</SPRSL>
     <ARBGB>ZDTE_0001</ARBGB>
     <MSGNR>060</MSGNR>
     <TEXT>El Proveedor no puede estar en blanco</TEXT>
    </T100>
    <T100>
     <SPRSL>S</SPRSL>
     <ARBGB>ZDTE_0001</ARBGB>
     <MSGNR>061</MSGNR>
     <TEXT>La OC no puede esta en blanco</TEXT>
    </T100>
    <T100>
     <SPRSL>S</SPRSL>
     <ARBGB>ZDTE_0001</ARBGB>
     <MSGNR>063</MSGNR>
     <TEXT>El folio esta siendo tratado por otro usuario</TEXT>
    </T100>
    <T100>
     <SPRSL>S</SPRSL>
     <ARBGB>ZDTE_0001</ARBGB>
     <MSGNR>064</MSGNR>
     <TEXT>Los Doc.Elec de la Soc &amp; ya estaban actualizados</TEXT>
    </T100>
    <T100>
     <SPRSL>S</SPRSL>
     <ARBGB>ZDTE_0001</ARBGB>
     <MSGNR>065</MSGNR>
     <TEXT>Los Doc.Elec de la Soc &amp; se han sido actualzados Correctamente</TEXT>
    </T100>
    <T100>
     <SPRSL>S</SPRSL>
     <ARBGB>ZDTE_0001</ARBGB>
     <MSGNR>066</MSGNR>
     <TEXT>Doc: &amp;-&amp; del proveedor &amp; , no tiene Fecha recepcion disponible</TEXT>
    </T100>
    <T100>
     <SPRSL>S</SPRSL>
     <ARBGB>ZDTE_0001</ARBGB>
     <MSGNR>067</MSGNR>
     <TEXT>Doc: &amp;-&amp; del Provedor &amp;, ErrorWs:&amp;</TEXT>
    </T100>
    <T100>
     <SPRSL>S</SPRSL>
     <ARBGB>ZDTE_0001</ARBGB>
     <MSGNR>068</MSGNR>
     <TEXT>En el SII No hay Doc.Elec cedido de la Soc. &amp; o Hay errores Anteriores</TEXT>
    </T100>
    <T100>
     <SPRSL>S</SPRSL>
     <ARBGB>ZDTE_0001</ARBGB>
     <MSGNR>069</MSGNR>
     <TEXT>Ningun doc.Electronico cumple con las condiciones de selección(ztfi_0075)</TEXT>
    </T100>
    <T100>
     <SPRSL>S</SPRSL>
     <ARBGB>ZDTE_0001</ARBGB>
     <MSGNR>070</MSGNR>
     <TEXT>Doc &amp; de la Soc &amp; tiene el tenedor &amp; que no existe en maestro Proveedores</TEXT>
    </T100>
    <T100>
     <SPRSL>S</SPRSL>
     <ARBGB>ZDTE_0001</ARBGB>
     <MSGNR>071</MSGNR>
     <TEXT>Doc &amp; de la Soc &amp; Tiene Tenedor &amp; No asociado como Proveedor Altenativo</TEXT>
    </T100>
    <T100>
     <SPRSL>S</SPRSL>
     <ARBGB>ZDTE_0001</ARBGB>
     <MSGNR>072</MSGNR>
     <TEXT>Doc &amp; de la Soc &amp; fue Modificado (DOCFI: &amp; )</TEXT>
    </T100>
    <T100>
     <SPRSL>S</SPRSL>
     <ARBGB>ZDTE_0001</ARBGB>
     <MSGNR>073</MSGNR>
     <TEXT>El tipo DTE &amp; no existe, por favor verifique su entrada</TEXT>
    </T100>
    <T100>
     <SPRSL>S</SPRSL>
     <ARBGB>ZDTE_0001</ARBGB>
     <MSGNR>074</MSGNR>
     <TEXT>El usuario &amp; no existe, por favor verifique su entrada</TEXT>
    </T100>
    <T100>
     <SPRSL>S</SPRSL>
     <ARBGB>ZDTE_0001</ARBGB>
     <MSGNR>075</MSGNR>
     <TEXT>El rut de la Soc &amp; No esta asignada en tx zdte_0008</TEXT>
    </T100>
    <T100>
     <SPRSL>S</SPRSL>
     <ARBGB>ZDTE_0001</ARBGB>
     <MSGNR>076</MSGNR>
     <TEXT>Doc &amp; No esta Contabilizado en SAP o ya esta compensado</TEXT>
    </T100>
    <T100>
     <SPRSL>S</SPRSL>
     <ARBGB>ZDTE_0001</ARBGB>
     <MSGNR>077</MSGNR>
     <TEXT>Esta vacio el Directorio &amp;</TEXT>
    </T100>
    <T100>
     <SPRSL>S</SPRSL>
     <ARBGB>ZDTE_0001</ARBGB>
     <MSGNR>078</MSGNR>
     <TEXT>No tiene autorizacion a Directorio &amp;</TEXT>
    </T100>
    <T100>
     <SPRSL>S</SPRSL>
     <ARBGB>ZDTE_0001</ARBGB>
     <MSGNR>079</MSGNR>
     <TEXT>** Lectura Correcta de archivo &amp; **</TEXT>
    </T100>
    <T100>
     <SPRSL>S</SPRSL>
     <ARBGB>ZDTE_0001</ARBGB>
     <MSGNR>080</MSGNR>
     <TEXT>Sociedad &amp; sin RUT asignado</TEXT>
    </T100>
    <T100>
     <SPRSL>S</SPRSL>
     <ARBGB>ZDTE_0001</ARBGB>
     <MSGNR>081</MSGNR>
     <TEXT>RUT del archivo no concuerda con RUT de sociedad &amp;</TEXT>
    </T100>
    <T100>
     <SPRSL>S</SPRSL>
     <ARBGB>ZDTE_0001</ARBGB>
     <MSGNR>082</MSGNR>
     <TEXT>Para la Sociedad &amp; archivo &amp; formato de fecha inválido</TEXT>
    </T100>
    <T100>
     <SPRSL>S</SPRSL>
     <ARBGB>ZDTE_0001</ARBGB>
     <MSGNR>083</MSGNR>
     <TEXT>El documento ya se ha registrado con el número &amp; &amp; &amp;</TEXT>
    </T100>
    <T100>
     <SPRSL>S</SPRSL>
     <ARBGB>ZDTE_0001</ARBGB>
     <MSGNR>084</MSGNR>
     <TEXT>La Factura de la NC esta rechazada</TEXT>
    </T100>
    <T100>
     <SPRSL>S</SPRSL>
     <ARBGB>ZDTE_0001</ARBGB>
     <MSGNR>085</MSGNR>
     <TEXT>&amp; -Tipo DTE No indicado en el archivo</TEXT>
    </T100>
    <T100>
     <SPRSL>S</SPRSL>
     <ARBGB>ZDTE_0001</ARBGB>
     <MSGNR>086</MSGNR>
     <TEXT>&amp; -El perido del achivo no concuerda con periodo de seleccion</TEXT>
    </T100>
    <T100>
     <SPRSL>S</SPRSL>
     <ARBGB>ZDTE_0001</ARBGB>
     <MSGNR>087</MSGNR>
     <TEXT>&amp; -El Rut del archivo No concuerda con Sociedad Directorio</TEXT>
    </T100>
    <T100>
     <SPRSL>S</SPRSL>
     <ARBGB>ZDTE_0001</ARBGB>
     <MSGNR>088</MSGNR>
     <TEXT>&amp; -El Nombre Archivo No tiene Clave CESIONES</TEXT>
    </T100>
    <T100>
     <SPRSL>S</SPRSL>
     <ARBGB>ZDTE_0001</ARBGB>
     <MSGNR>089</MSGNR>
     <TEXT>&amp; -El Archivo debe ser .TXT</TEXT>
    </T100>
    <T100>
     <SPRSL>S</SPRSL>
     <ARBGB>ZDTE_0001</ARBGB>
     <MSGNR>120</MSGNR>
     <TEXT>El Folio &amp; fue registrado con exito</TEXT>
    </T100>
    <T100>
     <SPRSL>S</SPRSL>
     <ARBGB>ZDTE_0001</ARBGB>
     <MSGNR>121</MSGNR>
     <TEXT>Para el RUT &amp; no se encontro registro Acreedor en el sistema</TEXT>
    </T100>
    <T100>
     <SPRSL>S</SPRSL>
     <ARBGB>ZDTE_0001</ARBGB>
     <MSGNR>122</MSGNR>
     <TEXT>IDOC sin DTE relevante</TEXT>
    </T100>
    <T100>
     <SPRSL>S</SPRSL>
     <ARBGB>ZDTE_0001</ARBGB>
     <MSGNR>123</MSGNR>
     <TEXT>La Clave de Cuenta No existe</TEXT>
    </T100>
    <T100>
     <SPRSL>S</SPRSL>
     <ARBGB>ZDTE_0001</ARBGB>
     <MSGNR>124</MSGNR>
     <TEXT>IDOC con XML No-Aprobado</TEXT>
    </T100>
    <T100>
     <SPRSL>S</SPRSL>
     <ARBGB>ZDTE_0001</ARBGB>
     <MSGNR>125</MSGNR>
     <TEXT>Rut &amp; Sin Sociedad SAP asignada</TEXT>
    </T100>
    <T100>
     <SPRSL>S</SPRSL>
     <ARBGB>ZDTE_0001</ARBGB>
     <MSGNR>200</MSGNR>
     <TEXT>En la Soc &amp; SAP No tiene Pet. Pendientes para Verificar en SAT</TEXT>
    </T100>
    <T100>
     <SPRSL>S</SPRSL>
     <ARBGB>ZDTE_0001</ARBGB>
     <MSGNR>201</MSGNR>
     <TEXT>En la Soc &amp; SAP No tiene Pet. Pendientes para Descargar en SAT</TEXT>
    </T100>
    <T100>
     <SPRSL>S</SPRSL>
     <ARBGB>ZDTE_0001</ARBGB>
     <MSGNR>202</MSGNR>
     <TEXT>Soc &amp; no configurada para Recepción de Factura electronica</TEXT>
    </T100>
    <T100>
     <SPRSL>S</SPRSL>
     <ARBGB>ZDTE_0001</ARBGB>
     <MSGNR>203</MSGNR>
     <TEXT>En la Soc &amp; SAP no tiene Nro.Paquetes para descargar</TEXT>
    </T100>
    <T100>
     <SPRSL>S</SPRSL>
     <ARBGB>ZDTE_0001</ARBGB>
     <MSGNR>204</MSGNR>
     <TEXT>En la Soc &amp;-&amp; se ha descargado los archivos de esta solicitud</TEXT>
    </T100>
    <T100>
     <SPRSL>S</SPRSL>
     <ARBGB>ZDTE_0001</ARBGB>
     <MSGNR>205</MSGNR>
     <TEXT>No se ha podido determinar impuesto tipo: &amp;  tasa: &amp;</TEXT>
    </T100>
    <T100>
     <SPRSL>S</SPRSL>
     <ARBGB>ZDTE_0001</ARBGB>
     <MSGNR>206</MSGNR>
     <TEXT>El Sig.CFDI tiene estatus cancelado: &amp;</TEXT>
    </T100>
    <T100>
     <SPRSL>S</SPRSL>
     <ARBGB>ZDTE_0001</ARBGB>
     <MSGNR>207</MSGNR>
     <TEXT>El sig.CFDI pide Aprobación cancelación Port.SAT: &amp;</TEXT>
    </T100>
   </T100>
  </asx:values>
 </asx:abap>
</abapGit>
