﻿<?xml version="1.0" encoding="utf-8"?>
<abapGit version="v1.0.0" serializer="LCL_OBJECT_DTEL" serializer_version="v1.0.0">
 <asx:abap xmlns:asx="http://www.sap.com/abapxml" version="1.0">
  <asx:values>
   <DD04V>
    <ROLLNAME>ZDTE_DOCREF</ROLLNAME>
    <DDLANGUAGE>S</DDLANGUAGE>
    <DOMNAME>FLAG</DOMNAME>
    <HEADLEN>17</HEADLEN>
    <SCRLEN1>08</SCRLEN1>
    <SCRLEN2>10</SCRLEN2>
    <SCRLEN3>17</SCRLEN3>
    <DDTEXT>Documento que referncias a otros (nc/nd)</DDTEXT>
    <REPTEXT>Doc.ConReferencia</REPTEXT>
    <SCRTEXT_S>Doc.Cref</SCRTEXT_S>
    <SCRTEXT_M>Doc.ConRef</SCRTEXT_M>
    <SCRTEXT_L>Doc.ConReferencia</SCRTEXT_L>
    <DTELMASTER>S</DTELMASTER>
    <REFKIND>D</REFKIND>
   </DD04V>
  </asx:values>
 </asx:abap>
</abapGit>
