﻿<?xml version="1.0" encoding="utf-8"?>
<abapGit version="v1.0.0" serializer="LCL_OBJECT_DTEL" serializer_version="v1.0.0">
 <asx:abap xmlns:asx="http://www.sap.com/abapxml" version="1.0">
  <asx:values>
   <DD04V>
    <ROLLNAME>ZEDFILENAME</ROLLNAME>
    <DDLANGUAGE>S</DDLANGUAGE>
    <DOMNAME>ZFILENAME</DOMNAME>
    <HEADLEN>17</HEADLEN>
    <SCRLEN1>10</SCRLEN1>
    <SCRLEN2>17</SCRLEN2>
    <SCRLEN3>20</SCRLEN3>
    <DDTEXT>Nombre de Archivo</DDTEXT>
    <REPTEXT>Nombre de Archivo</REPTEXT>
    <SCRTEXT_S>Nomb.Arch.</SCRTEXT_S>
    <SCRTEXT_M>Nombre de Archivo</SCRTEXT_M>
    <SCRTEXT_L>Nombre de Archivo</SCRTEXT_L>
    <DTELMASTER>S</DTELMASTER>
    <REFKIND>D</REFKIND>
   </DD04V>
  </asx:values>
 </asx:abap>
</abapGit>
