﻿<?xml version="1.0" encoding="utf-8"?>
<abapGit version="v1.0.0" serializer="LCL_OBJECT_DTEL" serializer_version="v1.0.0">
 <asx:abap xmlns:asx="http://www.sap.com/abapxml" version="1.0">
  <asx:values>
   <DD04V>
    <ROLLNAME>ZFCHCANCEL</ROLLNAME>
    <DDLANGUAGE>S</DDLANGUAGE>
    <DOMNAME>DATS</DOMNAME>
    <HEADLEN>28</HEADLEN>
    <SCRLEN1>10</SCRLEN1>
    <SCRLEN2>15</SCRLEN2>
    <SCRLEN3>28</SCRLEN3>
    <DDTEXT>Fecha de cancelación del DTE</DDTEXT>
    <REPTEXT>Fecha de cancelación del DTE</REPTEXT>
    <SCRTEXT_S>F.Canc.DTE</SCRTEXT_S>
    <SCRTEXT_M>Fe.Canc.DTE</SCRTEXT_M>
    <SCRTEXT_L>Fecha de cancelación del DTE</SCRTEXT_L>
    <DTELMASTER>S</DTELMASTER>
    <REFKIND>D</REFKIND>
   </DD04V>
  </asx:values>
 </asx:abap>
</abapGit>
