﻿<?xml version="1.0" encoding="utf-8"?>
<abapGit version="v1.0.0" serializer="LCL_OBJECT_DTEL" serializer_version="v1.0.0">
 <asx:abap xmlns:asx="http://www.sap.com/abapxml" version="1.0">
  <asx:values>
   <DD04V>
    <ROLLNAME>ZFECHAREC</ROLLNAME>
    <DDLANGUAGE>S</DDLANGUAGE>
    <DOMNAME>DATS</DOMNAME>
    <HEADLEN>20</HEADLEN>
    <SCRLEN1>10</SCRLEN1>
    <SCRLEN2>20</SCRLEN2>
    <SCRLEN3>20</SCRLEN3>
    <DDTEXT>Fecha de recepción conforme</DDTEXT>
    <REPTEXT>Fecha Recep.Conforme</REPTEXT>
    <SCRTEXT_S>F.RecConf</SCRTEXT_S>
    <SCRTEXT_M>Fecha Recep.Conforme</SCRTEXT_M>
    <SCRTEXT_L>Fecha Recep.Conforme</SCRTEXT_L>
    <DTELMASTER>S</DTELMASTER>
    <REFKIND>D</REFKIND>
   </DD04V>
  </asx:values>
 </asx:abap>
</abapGit>
