﻿<?xml version="1.0" encoding="utf-8"?>
<abapGit version="v1.0.0" serializer="LCL_OBJECT_DOMA" serializer_version="v1.0.0">
 <asx:abap xmlns:asx="http://www.sap.com/abapxml" version="1.0">
  <asx:values>
   <DD01V>
    <DOMNAME>ZFI_DOM_BOTON</DOMNAME>
    <DDLANGUAGE>S</DDLANGUAGE>
    <DATATYPE>CHAR</DATATYPE>
    <LENG>000020</LENG>
    <OUTPUTLEN>000003</OUTPUTLEN>
    <VALEXI>X</VALEXI>
    <DDTEXT>dominio de valores para botón</DDTEXT>
   </DD01V>
   <DD07V_TAB>
    <DD07V>
     <VALPOS>0001</VALPOS>
     <DDLANGUAGE>S</DDLANGUAGE>
     <DOMVALUE_L>1</DOMVALUE_L>
     <DDTEXT>Auto-Actualización</DDTEXT>
    </DD07V>
    <DD07V>
     <VALPOS>0002</VALPOS>
     <DDLANGUAGE>S</DDLANGUAGE>
     <DOMVALUE_L>2</DOMVALUE_L>
     <DDTEXT>Log de contabilización</DDTEXT>
    </DD07V>
    <DD07V>
     <VALPOS>0003</VALPOS>
     <DDLANGUAGE>S</DDLANGUAGE>
     <DOMVALUE_L>3</DOMVALUE_L>
     <DDTEXT>Modificación de Status</DDTEXT>
    </DD07V>
    <DD07V>
     <VALPOS>0004</VALPOS>
     <DDLANGUAGE>S</DDLANGUAGE>
     <DOMVALUE_L>4</DOMVALUE_L>
     <DDTEXT>PDF</DDTEXT>
    </DD07V>
    <DD07V>
     <VALPOS>0005</VALPOS>
     <DDLANGUAGE>S</DDLANGUAGE>
     <DOMVALUE_L>5</DOMVALUE_L>
     <DDTEXT>Aceptar</DDTEXT>
    </DD07V>
    <DD07V>
     <VALPOS>0006</VALPOS>
     <DDLANGUAGE>S</DDLANGUAGE>
     <DOMVALUE_L>6</DOMVALUE_L>
     <DDTEXT>Rechazar</DDTEXT>
    </DD07V>
    <DD07V>
     <VALPOS>0007</VALPOS>
     <DDLANGUAGE>S</DDLANGUAGE>
     <DOMVALUE_L>7</DOMVALUE_L>
     <DDTEXT>Glosa</DDTEXT>
    </DD07V>
    <DD07V>
     <VALPOS>0008</VALPOS>
     <DDLANGUAGE>S</DDLANGUAGE>
     <DOMVALUE_L>8</DOMVALUE_L>
     <DDTEXT>LIberar WF</DDTEXT>
    </DD07V>
    <DD07V>
     <VALPOS>0009</VALPOS>
     <DDLANGUAGE>S</DDLANGUAGE>
     <DOMVALUE_L>9</DOMVALUE_L>
     <DDTEXT>Detalle</DDTEXT>
    </DD07V>
    <DD07V>
     <VALPOS>0010</VALPOS>
     <DDLANGUAGE>S</DDLANGUAGE>
     <DOMVALUE_L>10</DOMVALUE_L>
     <DDTEXT>Lib. Masiva</DDTEXT>
    </DD07V>
    <DD07V>
     <VALPOS>0011</VALPOS>
     <DDLANGUAGE>S</DDLANGUAGE>
     <DOMVALUE_L>11</DOMVALUE_L>
     <DDTEXT>Reg.Modificaciones</DDTEXT>
    </DD07V>
    <DD07V>
     <VALPOS>0012</VALPOS>
     <DDLANGUAGE>S</DDLANGUAGE>
     <DOMVALUE_L>12</DOMVALUE_L>
     <DDTEXT>Listados EventosSII</DDTEXT>
    </DD07V>
    <DD07V>
     <VALPOS>0013</VALPOS>
     <DDLANGUAGE>S</DDLANGUAGE>
     <DOMVALUE_L>13</DOMVALUE_L>
     <DDTEXT>Act. Aprobador</DDTEXT>
    </DD07V>
    <DD07V>
     <VALPOS>0014</VALPOS>
     <DDLANGUAGE>S</DDLANGUAGE>
     <DOMVALUE_L>14</DOMVALUE_L>
     <DDTEXT>Act. Analista</DDTEXT>
    </DD07V>
    <DD07V>
     <VALPOS>0015</VALPOS>
     <DDLANGUAGE>S</DDLANGUAGE>
     <DOMVALUE_L>15</DOMVALUE_L>
     <DDTEXT>Reproceso Idoc</DDTEXT>
    </DD07V>
    <DD07V>
     <VALPOS>0016</VALPOS>
     <DDLANGUAGE>S</DDLANGUAGE>
     <DOMVALUE_L>16</DOMVALUE_L>
     <DDTEXT>Mod.Fecha Contable</DDTEXT>
    </DD07V>
    <DD07V>
     <VALPOS>0017</VALPOS>
     <DDLANGUAGE>S</DDLANGUAGE>
     <DOMVALUE_L>17</DOMVALUE_L>
     <DDTEXT>Cierre de documentos</DDTEXT>
    </DD07V>
    <DD07V>
     <VALPOS>0018</VALPOS>
     <DDLANGUAGE>S</DDLANGUAGE>
     <DOMVALUE_L>18</DOMVALUE_L>
     <DDTEXT>Comprobante de Pago</DDTEXT>
    </DD07V>
   </DD07V_TAB>
  </asx:values>
 </asx:abap>
</abapGit>
