﻿<?xml version="1.0" encoding="utf-8"?>
<abapGit version="v1.0.0" serializer="LCL_OBJECT_FUGR" serializer_version="v1.0.0">
 <asx:abap xmlns:asx="http://www.sap.com/abapxml" version="1.0">
  <asx:values>
   <AREAT>Grp.Fnc.IDOCS Interfase CAP DTE</AREAT>
   <INCLUDES>
    <SOBJ_NAME>LZFI_0024F01</SOBJ_NAME>
    <SOBJ_NAME>LZFI_0024F02</SOBJ_NAME>
    <SOBJ_NAME>LZFI_0024TOP</SOBJ_NAME>
    <SOBJ_NAME>SAPLZFI_0024</SOBJ_NAME>
   </INCLUDES>
   <FUNCTIONS>
    <item>
     <FUNCNAME>ZFI_0007DTE</FUNCNAME>
     <SHORT_TEXT>Recibir IDOC de DTE</SHORT_TEXT>
     <IMPORT>
      <RSIMP>
       <PARAMETER>INPUT_METHOD</PARAMETER>
       <REFERENCE>X</REFERENCE>
       <TYP>BDWFAP_PAR-INPUTMETHD</TYP>
      </RSIMP>
      <RSIMP>
       <PARAMETER>MASS_PROCESSING</PARAMETER>
       <REFERENCE>X</REFERENCE>
       <TYP>BDWFAP_PAR-MASS_PROC</TYP>
      </RSIMP>
     </IMPORT>
     <EXPORT>
      <RSEXP>
       <PARAMETER>WORKFLOW_RESULT</PARAMETER>
       <REFERENCE>X</REFERENCE>
       <TYP>BDWF_PARAM-RESULT</TYP>
      </RSEXP>
      <RSEXP>
       <PARAMETER>APPLICATION_VARIABLE</PARAMETER>
       <REFERENCE>X</REFERENCE>
       <TYP>BDWF_PARAM-APPL_VAR</TYP>
      </RSEXP>
      <RSEXP>
       <PARAMETER>IN_UPDATE_TASK</PARAMETER>
       <REFERENCE>X</REFERENCE>
       <TYP>BDWFAP_PAR-UPDATETASK</TYP>
      </RSEXP>
      <RSEXP>
       <PARAMETER>CALL_TRANSACTION_DONE</PARAMETER>
       <REFERENCE>X</REFERENCE>
       <TYP>BDWFAP_PAR-CALLTRANS</TYP>
      </RSEXP>
     </EXPORT>
     <TABLES>
      <RSTBL>
       <PARAMETER>IDOC_CONTRL</PARAMETER>
       <DBSTRUCT>EDIDC</DBSTRUCT>
      </RSTBL>
      <RSTBL>
       <PARAMETER>IDOC_DATA</PARAMETER>
       <DBSTRUCT>EDIDD</DBSTRUCT>
      </RSTBL>
      <RSTBL>
       <PARAMETER>IDOC_STATUS</PARAMETER>
       <DBSTRUCT>BDIDOCSTAT</DBSTRUCT>
      </RSTBL>
      <RSTBL>
       <PARAMETER>RETURN_VARIABLES</PARAMETER>
       <DBSTRUCT>BDWFRETVAR</DBSTRUCT>
      </RSTBL>
      <RSTBL>
       <PARAMETER>SERIALIZATION_INFO</PARAMETER>
       <DBSTRUCT>BDI_SER</DBSTRUCT>
      </RSTBL>
     </TABLES>
     <EXCEPTION>
      <RSEXC>
       <EXCEPTION>WRONG_FUNCTION_CALLED</EXCEPTION>
      </RSEXC>
     </EXCEPTION>
     <DOCUMENTATION>
      <RSFDO>
       <PARAMETER>INPUT_METHOD</PARAMETER>
       <KIND>P</KIND>
       <STEXT>Método entrada para el módulo funciones entrada IDOC</STEXT>
      </RSFDO>
      <RSFDO>
       <PARAMETER>MASS_PROCESSING</PARAMETER>
       <KIND>P</KIND>
       <STEXT>Ind.: Procesamiento en masa</STEXT>
      </RSFDO>
      <RSFDO>
       <PARAMETER>WORKFLOW_RESULT</PARAMETER>
       <KIND>P</KIND>
       <STEXT>Valor de resultado del método</STEXT>
      </RSFDO>
      <RSFDO>
       <PARAMETER>APPLICATION_VARIABLE</PARAMETER>
       <KIND>P</KIND>
       <STEXT>Variable utilizable libremente por aplicación</STEXT>
      </RSFDO>
      <RSFDO>
       <PARAMETER>IN_UPDATE_TASK</PARAMETER>
       <KIND>P</KIND>
       <STEXT>Ind.: La aplicación ha lanzado la tarea de actualización</STEXT>
      </RSFDO>
      <RSFDO>
       <PARAMETER>CALL_TRANSACTION_DONE</PARAMETER>
       <KIND>P</KIND>
       <STEXT>Ind.: Aplic.ha ejecutado en efecto la call transaction</STEXT>
      </RSFDO>
      <RSFDO>
       <PARAMETER>IDOC_CONTRL</PARAMETER>
       <KIND>P</KIND>
       <STEXT>Registro de control (IDOC)</STEXT>
      </RSFDO>
      <RSFDO>
       <PARAMETER>IDOC_DATA</PARAMETER>
       <KIND>P</KIND>
       <STEXT>Registro de datos (IDOC)</STEXT>
      </RSFDO>
      <RSFDO>
       <PARAMETER>IDOC_STATUS</PARAMETER>
       <KIND>P</KIND>
       <STEXT>ALE: Status IDOC (subconjunto de todos campos status IDOC)</STEXT>
      </RSFDO>
      <RSFDO>
       <PARAMETER>RETURN_VARIABLES</PARAMETER>
       <KIND>P</KIND>
       <STEXT>Asignación nº de IDOC o de doc.a parámetro de métodos</STEXT>
      </RSFDO>
      <RSFDO>
       <PARAMETER>SERIALIZATION_INFO</PARAMETER>
       <KIND>P</KIND>
       <STEXT>Objetos serialización para un/varios IDOCs</STEXT>
      </RSFDO>
      <RSFDO>
       <PARAMETER>WRONG_FUNCTION_CALLED</PARAMETER>
       <KIND>X</KIND>
      </RSFDO>
     </DOCUMENTATION>
    </item>
   </FUNCTIONS>
  </asx:values>
 </asx:abap>
</abapGit>
