﻿<?xml version="1.0" encoding="utf-8"?>
<abapGit version="v1.0.0" serializer="LCL_OBJECT_DTEL" serializer_version="v1.0.0">
 <asx:abap xmlns:asx="http://www.sap.com/abapxml" version="1.0">
  <asx:values>
   <DD04V>
    <ROLLNAME>ZFI_HORA_APROB</ROLLNAME>
    <DDLANGUAGE>S</DDLANGUAGE>
    <DOMNAME>TIMS</DOMNAME>
    <HEADLEN>18</HEADLEN>
    <SCRLEN2>18</SCRLEN2>
    <SCRLEN3>20</SCRLEN3>
    <DDTEXT>hora de aprobación</DDTEXT>
    <REPTEXT>Hora de Aprob/Rech</REPTEXT>
    <SCRTEXT_M>Hora de Aprob/Rech</SCRTEXT_M>
    <SCRTEXT_L>Hora de Aprob/Rech</SCRTEXT_L>
    <DTELMASTER>S</DTELMASTER>
    <REFKIND>D</REFKIND>
   </DD04V>
  </asx:values>
 </asx:abap>
</abapGit>
