﻿<?xml version="1.0" encoding="utf-8"?>
<abapGit version="v1.0.0" serializer="LCL_OBJECT_DTEL" serializer_version="v1.0.0">
 <asx:abap xmlns:asx="http://www.sap.com/abapxml" version="1.0">
  <asx:values>
   <DD04V>
    <ROLLNAME>ZFI_TIPO</ROLLNAME>
    <DDLANGUAGE>S</DDLANGUAGE>
    <DOMNAME>ZFI_DOM_TIPO</DOMNAME>
    <SCRLEN1>10</SCRLEN1>
    <SCRLEN2>10</SCRLEN2>
    <SCRLEN3>18</SCRLEN3>
    <DDTEXT>tipo de proveedor ZDTE</DDTEXT>
    <SCRTEXT_S>Tipo prov.</SCRTEXT_S>
    <SCRTEXT_M>Tipo prov.</SCRTEXT_M>
    <SCRTEXT_L>Tipo de prov. ZDTE</SCRTEXT_L>
    <DTELMASTER>S</DTELMASTER>
    <REFKIND>D</REFKIND>
   </DD04V>
  </asx:values>
 </asx:abap>
</abapGit>
