﻿<?xml version="1.0" encoding="utf-8"?>
<abapGit version="v1.0.0" serializer="LCL_OBJECT_DOMA" serializer_version="v1.0.0">
 <asx:abap xmlns:asx="http://www.sap.com/abapxml" version="1.0">
  <asx:values>
   <DD01V>
    <DOMNAME>ZFI_CODLIB</DOMNAME>
    <DDLANGUAGE>S</DDLANGUAGE>
    <DATATYPE>NUMC</DATATYPE>
    <LENG>000002</LENG>
    <OUTPUTLEN>000002</OUTPUTLEN>
    <VALEXI>X</VALEXI>
    <DDTEXT>Código de liberación</DDTEXT>
   </DD01V>
   <DD07V_TAB>
    <DD07V>
     <VALPOS>0001</VALPOS>
     <DDLANGUAGE>S</DDLANGUAGE>
     <DOMVALUE_L>01</DOMVALUE_L>
    </DD07V>
    <DD07V>
     <VALPOS>0002</VALPOS>
     <DDLANGUAGE>S</DDLANGUAGE>
     <DOMVALUE_L>02</DOMVALUE_L>
    </DD07V>
    <DD07V>
     <VALPOS>0003</VALPOS>
     <DDLANGUAGE>S</DDLANGUAGE>
     <DOMVALUE_L>03</DOMVALUE_L>
    </DD07V>
    <DD07V>
     <VALPOS>0004</VALPOS>
     <DDLANGUAGE>S</DDLANGUAGE>
     <DOMVALUE_L>04</DOMVALUE_L>
    </DD07V>
    <DD07V>
     <VALPOS>0005</VALPOS>
     <DDLANGUAGE>S</DDLANGUAGE>
     <DOMVALUE_L>05</DOMVALUE_L>
    </DD07V>
   </DD07V_TAB>
  </asx:values>
 </asx:abap>
</abapGit>
