﻿<?xml version="1.0" encoding="utf-8"?>
<abapGit version="v1.0.0" serializer="LCL_OBJECT_FUGR" serializer_version="v1.0.0">
 <asx:abap xmlns:asx="http://www.sap.com/abapxml" version="1.0">
  <asx:values>
   <AREAT>Grupo de funciones e-mail idoc</AREAT>
   <INCLUDES>
    <SOBJ_NAME>LZFI_0028F01</SOBJ_NAME>
    <SOBJ_NAME>LZFI_0028TOP</SOBJ_NAME>
    <SOBJ_NAME>SAPLZFI_0028</SOBJ_NAME>
   </INCLUDES>
   <FUNCTIONS>
    <item>
     <FUNCNAME>ZFI_0010</FUNCNAME>
     <SHORT_TEXT>Envio email idoc</SHORT_TEXT>
     <IMPORT>
      <RSIMP>
       <PARAMETER>I_LIFNR</PARAMETER>
       <OPTIONAL>X</OPTIONAL>
       <REFERENCE>X</REFERENCE>
       <TYP>LFA1-LIFNR</TYP>
      </RSIMP>
      <RSIMP>
       <PARAMETER>I_BUKRS</PARAMETER>
       <OPTIONAL>X</OPTIONAL>
       <REFERENCE>X</REFERENCE>
       <TYP>ZTFI_0074-BUKRS</TYP>
      </RSIMP>
      <RSIMP>
       <PARAMETER>I_XBLNR</PARAMETER>
       <OPTIONAL>X</OPTIONAL>
       <REFERENCE>X</REFERENCE>
       <TYP>ZTFI_0074-XBLNR</TYP>
      </RSIMP>
      <RSIMP>
       <PARAMETER>I_TIPODTE</PARAMETER>
       <OPTIONAL>X</OPTIONAL>
       <REFERENCE>X</REFERENCE>
       <TYP>ZTFI_0074-TIPODTE</TYP>
      </RSIMP>
      <RSIMP>
       <PARAMETER>I_GLOSA</PARAMETER>
       <OPTIONAL>X</OPTIONAL>
       <REFERENCE>X</REFERENCE>
       <TYP>STRING</TYP>
      </RSIMP>
      <RSIMP>
       <PARAMETER>I_COMMIT</PARAMETER>
       <OPTIONAL>X</OPTIONAL>
       <REFERENCE>X</REFERENCE>
       <TYP>ZTFI_0074-STATUS</TYP>
      </RSIMP>
     </IMPORT>
     <DOCUMENTATION>
      <RSFDO>
       <PARAMETER>I_LIFNR</PARAMETER>
       <KIND>P</KIND>
       <STEXT>Número de cuenta del proveedor o acreedor</STEXT>
      </RSFDO>
      <RSFDO>
       <PARAMETER>I_BUKRS</PARAMETER>
       <KIND>P</KIND>
       <STEXT>Sociedad</STEXT>
      </RSFDO>
      <RSFDO>
       <PARAMETER>I_XBLNR</PARAMETER>
       <KIND>P</KIND>
       <STEXT>Número de documento de referencia</STEXT>
      </RSFDO>
      <RSFDO>
       <PARAMETER>I_TIPODTE</PARAMETER>
       <KIND>P</KIND>
       <STEXT>Tipo DTE</STEXT>
      </RSFDO>
      <RSFDO>
       <PARAMETER>I_GLOSA</PARAMETER>
       <KIND>P</KIND>
       <STEXT>Glosa de rechazo</STEXT>
      </RSFDO>
      <RSFDO>
       <PARAMETER>I_COMMIT</PARAMETER>
       <KIND>P</KIND>
       <STEXT>Status</STEXT>
      </RSFDO>
     </DOCUMENTATION>
    </item>
    <item>
     <FUNCNAME>ZFI_0028</FUNCNAME>
     <SHORT_TEXT>Envio email idoc</SHORT_TEXT>
     <IMPORT>
      <RSIMP>
       <PARAMETER>I_LIFNR</PARAMETER>
       <OPTIONAL>X</OPTIONAL>
       <REFERENCE>X</REFERENCE>
       <TYP>LFA1-LIFNR</TYP>
      </RSIMP>
      <RSIMP>
       <PARAMETER>I_BUKRS</PARAMETER>
       <OPTIONAL>X</OPTIONAL>
       <REFERENCE>X</REFERENCE>
       <TYP>ZTFI_0074-BUKRS</TYP>
      </RSIMP>
      <RSIMP>
       <PARAMETER>I_XBLNR</PARAMETER>
       <OPTIONAL>X</OPTIONAL>
       <REFERENCE>X</REFERENCE>
       <TYP>ZTFI_0074-XBLNR</TYP>
      </RSIMP>
      <RSIMP>
       <PARAMETER>I_TIPODTE</PARAMETER>
       <OPTIONAL>X</OPTIONAL>
       <REFERENCE>X</REFERENCE>
       <TYP>ZTFI_0074-TIPODTE</TYP>
      </RSIMP>
      <RSIMP>
       <PARAMETER>I_GLOSA</PARAMETER>
       <OPTIONAL>X</OPTIONAL>
       <REFERENCE>X</REFERENCE>
       <TYP>ZGLOSA</TYP>
      </RSIMP>
      <RSIMP>
       <PARAMETER>I_COMMIT</PARAMETER>
       <OPTIONAL>X</OPTIONAL>
       <REFERENCE>X</REFERENCE>
       <TYP>ZTFI_0074-STATUS</TYP>
      </RSIMP>
     </IMPORT>
     <DOCUMENTATION>
      <RSFDO>
       <PARAMETER>I_LIFNR</PARAMETER>
       <KIND>P</KIND>
       <STEXT>Número de cuenta del proveedor o acreedor</STEXT>
      </RSFDO>
      <RSFDO>
       <PARAMETER>I_BUKRS</PARAMETER>
       <KIND>P</KIND>
       <STEXT>Sociedad</STEXT>
      </RSFDO>
      <RSFDO>
       <PARAMETER>I_XBLNR</PARAMETER>
       <KIND>P</KIND>
       <STEXT>Número de documento de referencia</STEXT>
      </RSFDO>
      <RSFDO>
       <PARAMETER>I_TIPODTE</PARAMETER>
       <KIND>P</KIND>
       <STEXT>Tipo DTE</STEXT>
      </RSFDO>
      <RSFDO>
       <PARAMETER>I_GLOSA</PARAMETER>
       <KIND>P</KIND>
       <STEXT>Glosa de rechazo</STEXT>
      </RSFDO>
      <RSFDO>
       <PARAMETER>I_COMMIT</PARAMETER>
       <KIND>P</KIND>
       <STEXT>Status</STEXT>
      </RSFDO>
     </DOCUMENTATION>
    </item>
    <item>
     <FUNCNAME>ZFI_0028DTE</FUNCNAME>
     <SHORT_TEXT>Envio email idoc</SHORT_TEXT>
     <IMPORT>
      <RSIMP>
       <PARAMETER>I_LIFNR</PARAMETER>
       <OPTIONAL>X</OPTIONAL>
       <REFERENCE>X</REFERENCE>
       <TYP>LFA1-LIFNR</TYP>
      </RSIMP>
      <RSIMP>
       <PARAMETER>I_BUKRS</PARAMETER>
       <OPTIONAL>X</OPTIONAL>
       <REFERENCE>X</REFERENCE>
       <TYP>ZTFI_0074-BUKRS</TYP>
      </RSIMP>
      <RSIMP>
       <PARAMETER>I_XBLNR</PARAMETER>
       <OPTIONAL>X</OPTIONAL>
       <REFERENCE>X</REFERENCE>
       <TYP>ZTFI_0074-XBLNR</TYP>
      </RSIMP>
      <RSIMP>
       <PARAMETER>I_TIPODTE</PARAMETER>
       <OPTIONAL>X</OPTIONAL>
       <REFERENCE>X</REFERENCE>
       <TYP>ZTFI_0074-TIPODTE</TYP>
      </RSIMP>
      <RSIMP>
       <PARAMETER>I_GLOSA</PARAMETER>
       <OPTIONAL>X</OPTIONAL>
       <REFERENCE>X</REFERENCE>
       <TYP>ZGLOSA</TYP>
      </RSIMP>
      <RSIMP>
       <PARAMETER>I_COMMIT</PARAMETER>
       <OPTIONAL>X</OPTIONAL>
       <REFERENCE>X</REFERENCE>
       <TYP>ZTFI_0074-STATUS</TYP>
      </RSIMP>
     </IMPORT>
     <DOCUMENTATION>
      <RSFDO>
       <PARAMETER>I_LIFNR</PARAMETER>
       <KIND>P</KIND>
       <STEXT>Número de cuenta del proveedor o acreedor</STEXT>
      </RSFDO>
      <RSFDO>
       <PARAMETER>I_BUKRS</PARAMETER>
       <KIND>P</KIND>
       <STEXT>Sociedad</STEXT>
      </RSFDO>
      <RSFDO>
       <PARAMETER>I_XBLNR</PARAMETER>
       <KIND>P</KIND>
       <STEXT>Número de documento de referencia</STEXT>
      </RSFDO>
      <RSFDO>
       <PARAMETER>I_TIPODTE</PARAMETER>
       <KIND>P</KIND>
       <STEXT>Tipo DTE</STEXT>
      </RSFDO>
      <RSFDO>
       <PARAMETER>I_GLOSA</PARAMETER>
       <KIND>P</KIND>
       <STEXT>Glosa de rechazo</STEXT>
      </RSFDO>
      <RSFDO>
       <PARAMETER>I_COMMIT</PARAMETER>
       <KIND>P</KIND>
       <STEXT>Status</STEXT>
      </RSFDO>
     </DOCUMENTATION>
    </item>
    <item>
     <FUNCNAME>ZFI_0028DTEV1</FUNCNAME>
     <SHORT_TEXT>Email Rechazo a Proveedor Usando EmailTemplate</SHORT_TEXT>
     <IMPORT>
      <RSIMP>
       <PARAMETER>I_CODTEXTOC</PARAMETER>
       <OPTIONAL>X</OPTIONAL>
       <TYP>CHAR20</TYP>
      </RSIMP>
      <RSIMP>
       <PARAMETER>I_CORREO</PARAMETER>
       <OPTIONAL>X</OPTIONAL>
       <TYP>CHAR100</TYP>
      </RSIMP>
      <RSIMP>
       <PARAMETER>I_DOC</PARAMETER>
       <OPTIONAL>X</OPTIONAL>
       <TYP>ZST_DTE_ACK</TYP>
      </RSIMP>
      <RSIMP>
       <PARAMETER>I_XML</PARAMETER>
       <OPTIONAL>X</OPTIONAL>
       <TYP>XSTRING</TYP>
      </RSIMP>
      <RSIMP>
       <PARAMETER>I_PDF</PARAMETER>
       <OPTIONAL>X</OPTIONAL>
       <TYP>XSTRING</TYP>
      </RSIMP>
      <RSIMP>
       <PARAMETER>I_CSENDER</PARAMETER>
       <OPTIONAL>X</OPTIONAL>
       <TYP>CHAR100</TYP>
      </RSIMP>
     </IMPORT>
     <EXPORT>
      <RSEXP>
       <PARAMETER>E_RC</PARAMETER>
       <TYP>SY-SUBRC</TYP>
      </RSEXP>
      <RSEXP>
       <PARAMETER>E_MSG</PARAMETER>
       <TYP>BAPI_MSG</TYP>
      </RSEXP>
     </EXPORT>
     <DOCUMENTATION>
      <RSFDO>
       <PARAMETER>I_CODTEXTOC</PARAMETER>
       <KIND>P</KIND>
       <STEXT>Nombre EmailTemplate</STEXT>
      </RSFDO>
      <RSFDO>
       <PARAMETER>I_CORREO</PARAMETER>
       <KIND>P</KIND>
       <STEXT>Correo de Destinatario</STEXT>
      </RSFDO>
      <RSFDO>
       <PARAMETER>I_DOC</PARAMETER>
       <KIND>P</KIND>
       <STEXT>Estrucuta con campoClaves de cds</STEXT>
      </RSFDO>
      <RSFDO>
       <PARAMETER>I_XML</PARAMETER>
       <KIND>P</KIND>
       <STEXT>Atachacment XML</STEXT>
      </RSFDO>
      <RSFDO>
       <PARAMETER>I_PDF</PARAMETER>
       <KIND>P</KIND>
       <STEXT>Atachacment  PDF</STEXT>
      </RSFDO>
      <RSFDO>
       <PARAMETER>I_CSENDER</PARAMETER>
       <KIND>P</KIND>
       <STEXT>Correo de Remitente</STEXT>
      </RSFDO>
      <RSFDO>
       <PARAMETER>E_RC</PARAMETER>
       <KIND>P</KIND>
       <STEXT>Campo de sistema ABAP: Valor de retorno sentencias ABAP</STEXT>
      </RSFDO>
      <RSFDO>
       <PARAMETER>E_MSG</PARAMETER>
       <KIND>P</KIND>
       <STEXT>Texto de mensaje</STEXT>
      </RSFDO>
     </DOCUMENTATION>
    </item>
   </FUNCTIONS>
  </asx:values>
 </asx:abap>
</abapGit>
