﻿<?xml version="1.0" encoding="utf-8"?>
<abapGit version="v1.0.0" serializer="LCL_OBJECT_DTEL" serializer_version="v1.0.0">
 <asx:abap xmlns:asx="http://www.sap.com/abapxml" version="1.0">
  <asx:values>
   <DD04V>
    <ROLLNAME>ZFI_FECHA_APROB</ROLLNAME>
    <DDLANGUAGE>S</DDLANGUAGE>
    <DOMNAME>DATS</DOMNAME>
    <HEADLEN>19</HEADLEN>
    <SCRLEN2>19</SCRLEN2>
    <SCRLEN3>20</SCRLEN3>
    <DDTEXT>Fecha de aprobación</DDTEXT>
    <REPTEXT>Fecha de Aprob/Rech</REPTEXT>
    <SCRTEXT_M>Fecha de Aprob/Rech</SCRTEXT_M>
    <SCRTEXT_L>Fecha de Aprob/Rech</SCRTEXT_L>
    <DTELMASTER>S</DTELMASTER>
    <REFKIND>D</REFKIND>
   </DD04V>
  </asx:values>
 </asx:abap>
</abapGit>
