﻿<?xml version="1.0" encoding="utf-8"?>
<abapGit version="v1.0.0" serializer="LCL_OBJECT_FUGR" serializer_version="v1.0.0">
 <asx:abap xmlns:asx="http://www.sap.com/abapxml" version="1.0">
  <asx:values>
   <AREAT>Manejo de View PDF</AREAT>
   <INCLUDES>
    <SOBJ_NAME>LZFI_0060DTEF01</SOBJ_NAME>
    <SOBJ_NAME>LZFI_0060DTEI01</SOBJ_NAME>
    <SOBJ_NAME>LZFI_0060DTEO01</SOBJ_NAME>
    <SOBJ_NAME>LZFI_0060DTETOP</SOBJ_NAME>
    <SOBJ_NAME>SAPLZFI_0060DTE</SOBJ_NAME>
   </INCLUDES>
   <FUNCTIONS>
    <item>
     <FUNCNAME>ZFI_0060DTE</FUNCNAME>
     <SHORT_TEXT>Manejo de PDF boxdialogo</SHORT_TEXT>
    </item>
    <item>
     <FUNCNAME>ZFI_0061DTE</FUNCNAME>
     <SHORT_TEXT>PDF View en Browser</SHORT_TEXT>
    </item>
    <item>
     <FUNCNAME>ZFI_0062DTE</FUNCNAME>
     <SHORT_TEXT>Download PDF</SHORT_TEXT>
    </item>
   </FUNCTIONS>
   <DYNPROS>
    <item>
     <HEADER>
      <PROGRAM>SAPLZFI_0060DTE</PROGRAM>
      <SCREEN>9001</SCREEN>
      <LANGUAGE>S</LANGUAGE>
      <DESCRIPT>Manejo de de view PDF en Dialogobox</DESCRIPT>
      <TYPE>M</TYPE>
      <NEXTSCREEN>9001</NEXTSCREEN>
      <LINES>027</LINES>
      <COLUMNS>120</COLUMNS>
     </HEADER>
     <CONTAINERS>
      <RPY_DYCATT>
       <TYPE>SCREEN</TYPE>
       <NAME>SCREEN</NAME>
      </RPY_DYCATT>
     </CONTAINERS>
     <FIELDS>
      <RPY_DYFATC>
       <CONT_TYPE>SCREEN</CONT_TYPE>
       <CONT_NAME>SCREEN</CONT_NAME>
       <TYPE>OKCODE</TYPE>
       <NAME>OK_CODE</NAME>
       <TEXT>____________________</TEXT>
       <LENGTH>020</LENGTH>
       <VISLENGTH>020</VISLENGTH>
       <HEIGHT>001</HEIGHT>
       <FORMAT>CHAR</FORMAT>
       <INPUT_FLD>X</INPUT_FLD>
      </RPY_DYFATC>
     </FIELDS>
     <FLOW_LOGIC>
      <RPY_DYFLOW>
       <LINE>PROCESS BEFORE OUTPUT.</LINE>
      </RPY_DYFLOW>
      <RPY_DYFLOW>
       <LINE> MODULE STATUS_9001.</LINE>
      </RPY_DYFLOW>
      <RPY_DYFLOW>
       <LINE>*</LINE>
      </RPY_DYFLOW>
      <RPY_DYFLOW>
       <LINE>PROCESS AFTER INPUT.</LINE>
      </RPY_DYFLOW>
      <RPY_DYFLOW/>
      <RPY_DYFLOW>
       <LINE> MODULE USER_COMMAND_9001.</LINE>
      </RPY_DYFLOW>
     </FLOW_LOGIC>
    </item>
   </DYNPROS>
  </asx:values>
 </asx:abap>
</abapGit>
