﻿<?xml version="1.0" encoding="utf-8"?>
<abapGit version="v1.0.0" serializer="LCL_OBJECT_FUGR" serializer_version="v1.0.0">
 <asx:abap xmlns:asx="http://www.sap.com/abapxml" version="1.0">
  <asx:values>
   <AREAT>Aceptacion Rechazo</AREAT>
   <INCLUDES>
    <SOBJ_NAME>LZFI_0008DTEF01</SOBJ_NAME>
    <SOBJ_NAME>LZFI_0008DTETOP</SOBJ_NAME>
    <SOBJ_NAME>SAPLZFI_0008DTE</SOBJ_NAME>
   </INCLUDES>
   <FUNCTIONS>
    <item>
     <FUNCNAME>ZFI_0008ADTE</FUNCNAME>
     <SHORT_TEXT>Autenticacion SII</SHORT_TEXT>
     <IMPORT>
      <RSIMP>
       <PARAMETER>I_BUKRS</PARAMETER>
       <REFERENCE>X</REFERENCE>
       <TYP>BUKRS</TYP>
      </RSIMP>
     </IMPORT>
     <DOCUMENTATION>
      <RSFDO>
       <PARAMETER>I_BUKRS</PARAMETER>
       <KIND>P</KIND>
       <STEXT>Sociedad</STEXT>
      </RSFDO>
     </DOCUMENTATION>
    </item>
    <item>
     <FUNCNAME>ZFI_0008DTE</FUNCNAME>
     <SHORT_TEXT>Envio de Respuesta de cada DTE</SHORT_TEXT>
    </item>
    <item>
     <FUNCNAME>ZFI_0008FDTE</FUNCNAME>
     <SHORT_TEXT>Cierre de SII</SHORT_TEXT>
    </item>
    <item>
     <FUNCNAME>ZFI_0008LDTE</FUNCNAME>
     <SHORT_TEXT>Listado de eventos DTE</SHORT_TEXT>
    </item>
   </FUNCTIONS>
  </asx:values>
 </asx:abap>
</abapGit>
