﻿<?xml version="1.0" encoding="utf-8"?>
<abapGit version="v1.0.0" serializer="LCL_OBJECT_PROG" serializer_version="v1.0.0">
 <asx:abap xmlns:asx="http://www.sap.com/abapxml" version="1.0">
  <asx:values>
   <PROGDIR>
    <NAME>ZFIR_0049</NAME>
    <SUBC>1</SUBC>
    <APPL>*</APPL>
    <RLOAD>S</RLOAD>
    <FIXPT>X</FIXPT>
    <UCCHECK>X</UCCHECK>
   </PROGDIR>
   <TPOOL>
    <item>
     <ID>I</ID>
     <KEY>001</KEY>
     <ENTRY>Parametros de selección</ENTRY>
     <LENGTH>23</LENGTH>
    </item>
    <item>
     <ID>R</ID>
     <ENTRY>Programa Para Obtener XML</ENTRY>
     <LENGTH>25</LENGTH>
    </item>
    <item>
     <ID>S</ID>
     <KEY>I_FLAG</KEY>
     <ENTRY>SolicitarXML Si/NO</ENTRY>
     <LENGTH>26</LENGTH>
    </item>
    <item>
     <ID>S</ID>
     <KEY>SO_BUKRS</KEY>
     <ENTRY>Sociedad</ENTRY>
     <LENGTH>16</LENGTH>
    </item>
    <item>
     <ID>S</ID>
     <KEY>SO_FECHA</KEY>
     <ENTRY>Fecha</ENTRY>
     <LENGTH>13</LENGTH>
    </item>
   </TPOOL>
  </asx:values>
 </asx:abap>
</abapGit>
