﻿<?xml version="1.0" encoding="utf-8"?>
<abapGit version="v1.0.0" serializer="LCL_OBJECT_PROG" serializer_version="v1.0.0">
 <asx:abap xmlns:asx="http://www.sap.com/abapxml" version="1.0">
  <asx:values>
   <PROGDIR>
    <NAME>ZFIR_0057V2</NAME>
    <SUBC>1</SUBC>
    <RSTAT>K</RSTAT>
    <RLOAD>S</RLOAD>
    <FIXPT>X</FIXPT>
    <UCCHECK>X</UCCHECK>
   </PROGDIR>
   <TPOOL>
    <item>
     <ID>I</ID>
     <KEY>001</KEY>
     <ENTRY>Parametros de Selección</ENTRY>
     <LENGTH>46</LENGTH>
    </item>
    <item>
     <ID>I</ID>
     <KEY>100</KEY>
     <ENTRY>Mensaje</ENTRY>
     <LENGTH>17</LENGTH>
    </item>
    <item>
     <ID>I</ID>
     <KEY>101</KEY>
     <ENTRY>Fecha</ENTRY>
     <LENGTH>15</LENGTH>
    </item>
    <item>
     <ID>I</ID>
     <KEY>102</KEY>
     <ENTRY>Proveedor</ENTRY>
     <LENGTH>19</LENGTH>
    </item>
    <item>
     <ID>I</ID>
     <KEY>103</KEY>
     <ENTRY>Sociedad</ENTRY>
     <LENGTH>18</LENGTH>
    </item>
    <item>
     <ID>I</ID>
     <KEY>104</KEY>
     <ENTRY>Documento</ENTRY>
     <LENGTH>19</LENGTH>
    </item>
    <item>
     <ID>I</ID>
     <KEY>105</KEY>
     <ENTRY>Estado</ENTRY>
     <LENGTH>16</LENGTH>
    </item>
    <item>
     <ID>I</ID>
     <KEY>300</KEY>
     <ENTRY>El acreedor no existe en esta sociedad</ENTRY>
     <LENGTH>76</LENGTH>
    </item>
    <item>
     <ID>I</ID>
     <KEY>301</KEY>
     <ENTRY>Factura a mayor días aceptadas por Soc.</ENTRY>
     <LENGTH>78</LENGTH>
    </item>
    <item>
     <ID>I</ID>
     <KEY>302</KEY>
     <ENTRY>No se entrega OC y es obligatorio</ENTRY>
     <LENGTH>66</LENGTH>
    </item>
    <item>
     <ID>I</ID>
     <KEY>303</KEY>
     <ENTRY>Rut de proveedor de OC no concuerda con Rut de la factura</ENTRY>
     <LENGTH>114</LENGTH>
    </item>
    <item>
     <ID>I</ID>
     <KEY>304</KEY>
     <ENTRY>Rut de la sociedad de la OC no concuerda con Rut receptor de la factura</ENTRY>
     <LENGTH>132</LENGTH>
    </item>
    <item>
     <ID>I</ID>
     <KEY>305</KEY>
     <ENTRY>Orden de compra sin HES/GES</ENTRY>
     <LENGTH>54</LENGTH>
    </item>
    <item>
     <ID>I</ID>
     <KEY>306</KEY>
     <ENTRY>Se rechaza porque No existe OC-Pedidolim</ENTRY>
     <LENGTH>80</LENGTH>
    </item>
    <item>
     <ID>I</ID>
     <KEY>350</KEY>
     <ENTRY>No tiene acceso para ejecutar el reporte, falta autorización para</ENTRY>
     <LENGTH>130</LENGTH>
    </item>
    <item>
     <ID>I</ID>
     <KEY>400</KEY>
     <ENTRY>Error al crear doc. trx F-63,</ENTRY>
     <LENGTH>58</LENGTH>
    </item>
    <item>
     <ID>I</ID>
     <KEY>401</KEY>
     <ENTRY>Documento creado F-63:</ENTRY>
     <LENGTH>44</LENGTH>
    </item>
    <item>
     <ID>I</ID>
     <KEY>402</KEY>
     <ENTRY>Error al crear doc. trx MIRA,</ENTRY>
     <LENGTH>58</LENGTH>
    </item>
    <item>
     <ID>I</ID>
     <KEY>403</KEY>
     <ENTRY>Documento creado MIRA:</ENTRY>
     <LENGTH>44</LENGTH>
    </item>
    <item>
     <ID>I</ID>
     <KEY>404</KEY>
     <ENTRY>Error al crear doc. trx MIR7,</ENTRY>
     <LENGTH>58</LENGTH>
    </item>
    <item>
     <ID>I</ID>
     <KEY>405</KEY>
     <ENTRY>Documento creado MIR7:</ENTRY>
     <LENGTH>44</LENGTH>
    </item>
    <item>
     <ID>I</ID>
     <KEY>406</KEY>
     <ENTRY>No se asignado Variante de validaciones por Soc</ENTRY>
     <LENGTH>94</LENGTH>
    </item>
    <item>
     <ID>I</ID>
     <KEY>407</KEY>
     <ENTRY>(Ir tabla ztfi_0078)</ENTRY>
     <LENGTH>40</LENGTH>
    </item>
    <item>
     <ID>I</ID>
     <KEY>408</KEY>
     <ENTRY>No se pudo generar Doc.Contable FVB1</ENTRY>
     <LENGTH>72</LENGTH>
    </item>
    <item>
     <ID>I</ID>
     <KEY>409</KEY>
     <ENTRY>Documento creado FBV1:</ENTRY>
     <LENGTH>44</LENGTH>
    </item>
    <item>
     <ID>I</ID>
     <KEY>410</KEY>
     <ENTRY>Error al crear doc. trx FBV1,</ENTRY>
     <LENGTH>58</LENGTH>
    </item>
    <item>
     <ID>I</ID>
     <KEY>GL1</KEY>
     <ENTRY>Su Documento Elect. Fue Rechazado</ENTRY>
     <LENGTH>66</LENGTH>
    </item>
    <item>
     <ID>R</ID>
     <ENTRY>Precontabilizacion Documentos Electrónicos</ENTRY>
     <LENGTH>42</LENGTH>
    </item>
    <item>
     <ID>S</ID>
     <KEY>S_BUKRS</KEY>
     <ENTRY>.</ENTRY>
     <LENGTH>16</LENGTH>
     <SPLIT>D</SPLIT>
    </item>
    <item>
     <ID>S</ID>
     <KEY>S_FECHA</KEY>
     <ENTRY>.</ENTRY>
     <LENGTH>26</LENGTH>
     <SPLIT>D</SPLIT>
    </item>
    <item>
     <ID>S</ID>
     <KEY>S_FOLIO</KEY>
     <ENTRY>.</ENTRY>
     <LENGTH>13</LENGTH>
     <SPLIT>D</SPLIT>
    </item>
    <item>
     <ID>S</ID>
     <KEY>S_STATUS</KEY>
     <ENTRY>.</ENTRY>
     <LENGTH>14</LENGTH>
     <SPLIT>D</SPLIT>
    </item>
   </TPOOL>
  </asx:values>
 </asx:abap>
</abapGit>
