﻿<?xml version="1.0" encoding="utf-8"?>
<abapGit version="v1.0.0" serializer="LCL_OBJECT_DTEL" serializer_version="v1.0.0">
 <asx:abap xmlns:asx="http://www.sap.com/abapxml" version="1.0">
  <asx:values>
   <DD04V>
    <ROLLNAME>ZGIROEMIS</ROLLNAME>
    <DDLANGUAGE>S</DDLANGUAGE>
    <DOMNAME>CHAR80</DOMNAME>
    <HEADLEN>55</HEADLEN>
    <SCRLEN1>10</SCRLEN1>
    <SCRLEN2>15</SCRLEN2>
    <SCRLEN3>33</SCRLEN3>
    <DDTEXT>Giro Comercial del Emisor Relevante para el DTE</DDTEXT>
    <REPTEXT>Giro Comercial del Emisor Relevante para el DTE</REPTEXT>
    <SCRTEXT_S>Giro</SCRTEXT_S>
    <SCRTEXT_M>Giro Comer.Emis</SCRTEXT_M>
    <SCRTEXT_L>Giro Comercial del Emisor Rel.DTE</SCRTEXT_L>
    <DTELMASTER>S</DTELMASTER>
    <REFKIND>D</REFKIND>
   </DD04V>
  </asx:values>
 </asx:abap>
</abapGit>
