﻿<?xml version="1.0" encoding="utf-8"?>
<abapGit version="v1.0.0" serializer="LCL_OBJECT_DTEL" serializer_version="v1.0.0">
 <asx:abap xmlns:asx="http://www.sap.com/abapxml" version="1.0">
  <asx:values>
   <DD04V>
    <ROLLNAME>ZGLOSA</ROLLNAME>
    <DDLANGUAGE>S</DDLANGUAGE>
    <DOMNAME>CHAR73</DOMNAME>
    <HEADLEN>40</HEADLEN>
    <SCRLEN1>10</SCRLEN1>
    <SCRLEN2>19</SCRLEN2>
    <SCRLEN3>20</SCRLEN3>
    <DDTEXT>Glosa de Aceptación</DDTEXT>
    <REPTEXT>Glosa de Aceptación</REPTEXT>
    <SCRTEXT_S>Glosa.Acp</SCRTEXT_S>
    <SCRTEXT_M>Glosa de Aceptación</SCRTEXT_M>
    <SCRTEXT_L>Glosa de Aceptación</SCRTEXT_L>
    <DTELMASTER>S</DTELMASTER>
    <REFKIND>D</REFKIND>
   </DD04V>
  </asx:values>
 </asx:abap>
</abapGit>
