﻿<?xml version="1.0" encoding="utf-8"?>
<abapGit version="v1.0.0" serializer="LCL_OBJECT_DTEL" serializer_version="v1.0.0">
 <asx:abap xmlns:asx="http://www.sap.com/abapxml" version="1.0">
  <asx:values>
   <DD04V>
    <ROLLNAME>ZHORARSII</ROLLNAME>
    <DDLANGUAGE>S</DDLANGUAGE>
    <DOMNAME>UZEIT</DOMNAME>
    <SCRLEN1>10</SCRLEN1>
    <SCRLEN2>20</SCRLEN2>
    <SCRLEN3>40</SCRLEN3>
    <DDTEXT>Hora de recepción del SII</DDTEXT>
    <SCRTEXT_S>HoraRecSII</SCRTEXT_S>
    <SCRTEXT_M>Hora Recep.SII</SCRTEXT_M>
    <SCRTEXT_L>Hora Recepción SII</SCRTEXT_L>
    <DTELMASTER>S</DTELMASTER>
    <REFKIND>D</REFKIND>
   </DD04V>
  </asx:values>
 </asx:abap>
</abapGit>
