﻿<?xml version="1.0" encoding="utf-8"?>
<abapGit version="v1.0.0" serializer="LCL_OBJECT_IDOC" serializer_version="v1.0.0">
 <asx:abap xmlns:asx="http://www.sap.com/abapxml" version="1.0">
  <asx:values>
   <IDOC>
    <ATTRIBUTES>
     <DESCRP>Factura Electronica DTE</DESCRP>
     <FIRSTTYP>ZID_DTE_FELEC</FIRSTTYP>
     <LASTTYP>ZID_DTE_FELEC</LASTTYP>
    </ATTRIBUTES>
    <T_SYNTAX>
     <EDI_IAPI02>
      <NR>0001</NR>
      <SEGTYP>Z1MM_DTE_ENCABEZADO</SEGTYP>
      <PARFLG>X</PARFLG>
      <OCCMIN>0000000001</OCCMIN>
      <OCCMAX>9999999999</OCCMAX>
      <HLEVEL>02</HLEVEL>
     </EDI_IAPI02>
     <EDI_IAPI02>
      <NR>0002</NR>
      <SEGTYP>Z1MM_DTE_ENCABEZADO2</SEGTYP>
      <PARSEG>Z1MM_DTE_ENCABEZADO</PARSEG>
      <PARPNO>0001</PARPNO>
      <OCCMIN>0000000001</OCCMIN>
      <OCCMAX>0000000001</OCCMAX>
      <HLEVEL>03</HLEVEL>
     </EDI_IAPI02>
     <EDI_IAPI02>
      <NR>0003</NR>
      <SEGTYP>Z1MM_DTE_MONTOPAGO</SEGTYP>
      <PARSEG>Z1MM_DTE_ENCABEZADO</PARSEG>
      <PARPNO>0001</PARPNO>
      <OCCMIN>0000000001</OCCMIN>
      <OCCMAX>9999999999</OCCMAX>
      <HLEVEL>03</HLEVEL>
     </EDI_IAPI02>
     <EDI_IAPI02>
      <NR>0004</NR>
      <SEGTYP>Z1MM_DTE_IMPRET</SEGTYP>
      <PARSEG>Z1MM_DTE_ENCABEZADO</PARSEG>
      <PARPNO>0001</PARPNO>
      <OCCMIN>0000000001</OCCMIN>
      <OCCMAX>9999999999</OCCMAX>
      <HLEVEL>03</HLEVEL>
     </EDI_IAPI02>
     <EDI_IAPI02>
      <NR>0005</NR>
      <SEGTYP>Z1MM_DTE_IMPOTRMON</SEGTYP>
      <PARSEG>Z1MM_DTE_ENCABEZADO</PARSEG>
      <PARPNO>0001</PARPNO>
      <OCCMIN>0000000001</OCCMIN>
      <OCCMAX>9999999999</OCCMAX>
      <HLEVEL>03</HLEVEL>
     </EDI_IAPI02>
     <EDI_IAPI02>
      <NR>0006</NR>
      <SEGTYP>Z1MM_DTE_REFER</SEGTYP>
      <PARSEG>Z1MM_DTE_ENCABEZADO</PARSEG>
      <PARPNO>0001</PARPNO>
      <OCCMIN>0000000001</OCCMIN>
      <OCCMAX>9999999999</OCCMAX>
      <HLEVEL>03</HLEVEL>
     </EDI_IAPI02>
     <EDI_IAPI02>
      <NR>0007</NR>
      <SEGTYP>Z1MM_DTE_DETALLE</SEGTYP>
      <PARSEG>Z1MM_DTE_ENCABEZADO</PARSEG>
      <PARPNO>0001</PARPNO>
      <PARFLG>X</PARFLG>
      <OCCMIN>0000000001</OCCMIN>
      <OCCMAX>9999999999</OCCMAX>
      <HLEVEL>03</HLEVEL>
     </EDI_IAPI02>
     <EDI_IAPI02>
      <NR>0008</NR>
      <SEGTYP>Z1MM_DTE_DET_CODL</SEGTYP>
      <PARSEG>Z1MM_DTE_DETALLE</PARSEG>
      <PARPNO>0007</PARPNO>
      <OCCMIN>0000000001</OCCMIN>
      <OCCMAX>9999999999</OCCMAX>
      <HLEVEL>04</HLEVEL>
     </EDI_IAPI02>
     <EDI_IAPI02>
      <NR>0009</NR>
      <SEGTYP>Z1MM_DTE_SUBTOT</SEGTYP>
      <PARSEG>Z1MM_DTE_ENCABEZADO</PARSEG>
      <PARPNO>0001</PARPNO>
      <OCCMIN>0000000001</OCCMIN>
      <OCCMAX>9999999999</OCCMAX>
      <HLEVEL>03</HLEVEL>
     </EDI_IAPI02>
     <EDI_IAPI02>
      <NR>0010</NR>
      <SEGTYP>Z1MM_DTE_TED</SEGTYP>
      <PARSEG>Z1MM_DTE_ENCABEZADO</PARSEG>
      <PARPNO>0001</PARPNO>
      <OCCMIN>0000000001</OCCMIN>
      <OCCMAX>0000000001</OCCMAX>
      <HLEVEL>03</HLEVEL>
     </EDI_IAPI02>
     <EDI_IAPI02>
      <NR>0011</NR>
      <SEGTYP>Z1MM_DTE_FILENAME</SEGTYP>
      <PARSEG>Z1MM_DTE_ENCABEZADO</PARSEG>
      <PARPNO>0001</PARPNO>
      <OCCMIN>0000000001</OCCMIN>
      <OCCMAX>0000000001</OCCMAX>
      <HLEVEL>03</HLEVEL>
     </EDI_IAPI02>
    </T_SYNTAX>
   </IDOC>
  </asx:values>
 </asx:abap>
</abapGit>
