﻿<?xml version="1.0" encoding="utf-8"?>
<abapGit version="v1.0.0" serializer="LCL_OBJECT_CUS0" serializer_version="v1.0.0">
 <asx:abap xmlns:asx="http://www.sap.com/abapxml" version="1.0">
  <asx:values>
   <CUS0>
    <HEADER>
     <ACTIVITY>ZIMG_DTEVAR1</ACTIVITY>
     <DOCU_ID>SIMG</DOCU_ID>
     <ATTRIBUTES>ZIMG_DTEVAR1</ATTRIBUTES>
     <C_ACTIVITY>ZIMG_DTEVAR1</C_ACTIVITY>
     <TCODE>Y_DS4_27000003</TCODE>
    </HEADER>
    <TEXTS>
     <CUS_IMGACT>
      <SPRAS>S</SPRAS>
      <ACTIVITY>ZIMG_DTEVAR1</ACTIVITY>
      <TEXT>Asignar Cod.Interfaces a Variantes</TEXT>
     </CUS_IMGACT>
    </TEXTS>
   </CUS0>
  </asx:values>
 </asx:abap>
</abapGit>
