﻿<?xml version="1.0" encoding="utf-8"?>
<abapGit version="v1.0.0" serializer="LCL_OBJECT_CUS1" serializer_version="v1.0.0">
 <asx:abap xmlns:asx="http://www.sap.com/abapxml" version="1.0">
  <asx:values>
   <CUS1>
    <ACTIVITY_HEADER>
     <ACT_ID>ZIMG_DTEDTEPER</ACT_ID>
     <ACT_TYPE>C</ACT_TYPE>
    </ACTIVITY_HEADER>
    <ACTIVITY_TITLE>
     <CUS_ACTT>
      <SPRAS>S</SPRAS>
      <ACT_ID>ZIMG_DTEDTEPER</ACT_ID>
      <TEXT>Asignar DTE permitidos</TEXT>
     </CUS_ACTT>
    </ACTIVITY_TITLE>
    <OBJECTS>
     <CUS_ACTOBJ>
      <ACT_ID>ZIMG_DTEDTEPER</ACT_ID>
      <OBJECTTYPE>S</OBJECTTYPE>
      <OBJECTNAME>ZTFI_0078A</OBJECTNAME>
      <TCODE>SM30</TCODE>
      <IMG_POS>01</IMG_POS>
     </CUS_ACTOBJ>
    </OBJECTS>
   </CUS1>
  </asx:values>
 </asx:abap>
</abapGit>
