﻿<?xml version="1.0" encoding="utf-8"?>
<abapGit version="v1.0.0" serializer="LCL_OBJECT_CUS2" serializer_version="v1.0.0">
 <asx:abap xmlns:asx="http://www.sap.com/abapxml" version="1.0">
  <asx:values>
   <CUS2>
    <HEADER>
     <ATTR_ID>ZIMG_DTECD</ATTR_ID>
     <ROADMAP_ID>151</ROADMAP_ID>
     <COUNTRY>A</COUNTRY>
     <ACTIVITY>2</ACTIVITY>
     <CRITICAL>2</CRITICAL>
    </HEADER>
    <TITLES>
     <CUS_ATRT>
      <SPRAS>S</SPRAS>
      <ATTR_ID>ZIMG_DTECD</ATTR_ID>
      <TEXT>Homologación Clase doc.FI con Tipo DTE</TEXT>
     </CUS_ATRT>
    </TITLES>
    <COMPONENTS>
     <TFM18>
      <DOKCLASS>SIMG</DOKCLASS>
      <DOKNAME>ZIMG_DTECD</DOKNAME>
      <FUNCT>HLA0009204</FUNCT>
     </TFM18>
    </COMPONENTS>
   </CUS2>
  </asx:values>
 </asx:abap>
</abapGit>
