﻿<?xml version="1.0" encoding="utf-8"?>
<abapGit version="v1.0.0" serializer="LCL_OBJECT_DTEL" serializer_version="v1.0.0">
 <asx:abap xmlns:asx="http://www.sap.com/abapxml" version="1.0">
  <asx:values>
   <DD04V>
    <ROLLNAME>ZIVANORETOTRMNDA</ROLLNAME>
    <DDLANGUAGE>S</DDLANGUAGE>
    <DOMNAME>WERT7</DOMNAME>
    <HEADLEN>31</HEADLEN>
    <SCRLEN1>10</SCRLEN1>
    <SCRLEN2>16</SCRLEN2>
    <SCRLEN3>27</SCRLEN3>
    <DDTEXT>IVA no retenido Otra Moneda</DDTEXT>
    <REPTEXT>IVA no retenido Otra Moneda</REPTEXT>
    <SCRTEXT_S>IVA.NR.OM</SCRTEXT_S>
    <SCRTEXT_M>IVA No Ret.O.Mon</SCRTEXT_M>
    <SCRTEXT_L>IVA no retenido Otra Moneda</SCRTEXT_L>
    <DTELMASTER>S</DTELMASTER>
    <REFKIND>D</REFKIND>
   </DD04V>
  </asx:values>
 </asx:abap>
</abapGit>
