﻿<?xml version="1.0" encoding="utf-8"?>
<abapGit version="v1.0.0" serializer="LCL_OBJECT_DTEL" serializer_version="v1.0.0">
 <asx:abap xmlns:asx="http://www.sap.com/abapxml" version="1.0">
  <asx:values>
   <DD04V>
    <ROLLNAME>ZIVATERC</ROLLNAME>
    <DDLANGUAGE>S</DDLANGUAGE>
    <DOMNAME>AFLE13D2O16N_TO_23D2O30N</DOMNAME>
    <HEADLEN>25</HEADLEN>
    <SCRLEN1>10</SCRLEN1>
    <SCRLEN2>15</SCRLEN2>
    <SCRLEN3>25</SCRLEN3>
    <DDTEXT>Monto del IVA de Terceros</DDTEXT>
    <REPTEXT>Monto del IVA de Terceros</REPTEXT>
    <SCRTEXT_S>IVA Ter.</SCRTEXT_S>
    <SCRTEXT_M>IVA Terceros</SCRTEXT_M>
    <SCRTEXT_L>Monto del IVA de Terceros</SCRTEXT_L>
    <DTELMASTER>S</DTELMASTER>
    <REFKIND>D</REFKIND>
   </DD04V>
  </asx:values>
 </asx:abap>
</abapGit>
