﻿<?xml version="1.0" encoding="utf-8"?>
<abapGit version="v1.0.0" serializer="LCL_OBJECT_DTEL" serializer_version="v1.0.0">
 <asx:abap xmlns:asx="http://www.sap.com/abapxml" version="1.0">
  <asx:values>
   <DD04V>
    <ROLLNAME>ZMNTNETOOTRMNDA</ROLLNAME>
    <DDLANGUAGE>S</DDLANGUAGE>
    <DOMNAME>WERT7</DOMNAME>
    <HEADLEN>33</HEADLEN>
    <SCRLEN1>10</SCRLEN1>
    <SCRLEN2>19</SCRLEN2>
    <SCRLEN3>20</SCRLEN3>
    <DDTEXT>Monto Neto del DTE en Otra Moneda</DDTEXT>
    <REPTEXT>Monto Neto del DTE en Otra Moneda</REPTEXT>
    <SCRTEXT_S>MOtrMon</SCRTEXT_S>
    <SCRTEXT_M>Mon.N. DTE Otr.Mon.</SCRTEXT_M>
    <SCRTEXT_L>Mon.N. DTE Otr.Mon.</SCRTEXT_L>
    <DTELMASTER>S</DTELMASTER>
    <REFKIND>D</REFKIND>
   </DD04V>
  </asx:values>
 </asx:abap>
</abapGit>
