﻿<?xml version="1.0" encoding="utf-8"?>
<abapGit version="v1.0.0" serializer="LCL_OBJECT_DTEL" serializer_version="v1.0.0">
 <asx:abap xmlns:asx="http://www.sap.com/abapxml" version="1.0">
  <asx:values>
   <DD04V>
    <ROLLNAME>ZMNTPAGO</ROLLNAME>
    <DDLANGUAGE>S</DDLANGUAGE>
    <DOMNAME>WERT7</DOMNAME>
    <HEADLEN>16</HEADLEN>
    <SCRLEN1>10</SCRLEN1>
    <SCRLEN2>15</SCRLEN2>
    <SCRLEN3>20</SCRLEN3>
    <DDTEXT>Monto de Pago</DDTEXT>
    <REPTEXT>Monto de Pago</REPTEXT>
    <SCRTEXT_S>Monto Pago</SCRTEXT_S>
    <SCRTEXT_M>Monto de Pago</SCRTEXT_M>
    <SCRTEXT_L>Monto de Pago</SCRTEXT_L>
    <DTELMASTER>S</DTELMASTER>
    <REFKIND>D</REFKIND>
   </DD04V>
  </asx:values>
 </asx:abap>
</abapGit>
