﻿<?xml version="1.0" encoding="utf-8"?>
<abapGit version="v1.0.0" serializer="LCL_OBJECT_DTEL" serializer_version="v1.0.0">
 <asx:abap xmlns:asx="http://www.sap.com/abapxml" version="1.0">
  <asx:values>
   <DD04V>
    <ROLLNAME>ZMNTTOTOTRMNDA</ROLLNAME>
    <DDLANGUAGE>S</DDLANGUAGE>
    <DOMNAME>WERT7</DOMNAME>
    <HEADLEN>31</HEADLEN>
    <SCRLEN1>10</SCRLEN1>
    <SCRLEN2>15</SCRLEN2>
    <SCRLEN3>23</SCRLEN3>
    <DDTEXT>Monto Total Otra Moneda</DDTEXT>
    <REPTEXT>Monto Total Otra Moneda</REPTEXT>
    <SCRTEXT_S>Tot.O.Mon</SCRTEXT_S>
    <SCRTEXT_M>Total Otr.Mon</SCRTEXT_M>
    <SCRTEXT_L>Monto Total Otra Moneda</SCRTEXT_L>
    <DTELMASTER>S</DTELMASTER>
    <REFKIND>D</REFKIND>
   </DD04V>
  </asx:values>
 </asx:abap>
</abapGit>
