﻿<?xml version="1.0" encoding="utf-8"?>
<abapGit version="v1.0.0" serializer="LCL_OBJECT_DTEL" serializer_version="v1.0.0">
 <asx:abap xmlns:asx="http://www.sap.com/abapxml" version="1.0">
  <asx:values>
   <DD04V>
    <ROLLNAME>ZMNTEXEOTRMNDA</ROLLNAME>
    <DDLANGUAGE>S</DDLANGUAGE>
    <DOMNAME>WERT7</DOMNAME>
    <HEADLEN>35</HEADLEN>
    <SCRLEN1>10</SCRLEN1>
    <SCRLEN2>16</SCRLEN2>
    <SCRLEN3>35</SCRLEN3>
    <DDTEXT>Monto Exento del DTE en Otra Moneda</DDTEXT>
    <REPTEXT>Monto Exento del DTE en Otra Moneda</REPTEXT>
    <SCRTEXT_S>MXDTEOt</SCRTEXT_S>
    <SCRTEXT_M>M.Ex.DTE.Otr.Mon</SCRTEXT_M>
    <SCRTEXT_L>Monto Exento del DTE en Otra Moneda</SCRTEXT_L>
    <DTELMASTER>S</DTELMASTER>
    <REFKIND>D</REFKIND>
   </DD04V>
  </asx:values>
 </asx:abap>
</abapGit>
