﻿<?xml version="1.0" encoding="utf-8"?>
<abapGit version="v1.0.0" serializer="LCL_OBJECT_DTEL" serializer_version="v1.0.0">
 <asx:abap xmlns:asx="http://www.sap.com/abapxml" version="1.0">
  <asx:values>
   <DD04V>
    <ROLLNAME>ZNOMBANA</ROLLNAME>
    <DDLANGUAGE>S</DDLANGUAGE>
    <DOMNAME>CHAR12</DOMNAME>
    <LOGFLAG>X</LOGFLAG>
    <HEADLEN>22</HEADLEN>
    <SCRLEN1>10</SCRLEN1>
    <SCRLEN2>19</SCRLEN2>
    <SCRLEN3>22</SCRLEN3>
    <DDTEXT>Nombre Analista de CxP</DDTEXT>
    <REPTEXT>Nombre Analista de CxP</REPTEXT>
    <SCRTEXT_S>Nmb.A.CxP</SCRTEXT_S>
    <SCRTEXT_M>Nombre Analista CxP</SCRTEXT_M>
    <SCRTEXT_L>Nombre Analista de CxP</SCRTEXT_L>
    <DTELMASTER>S</DTELMASTER>
    <REFKIND>D</REFKIND>
   </DD04V>
  </asx:values>
 </asx:abap>
</abapGit>
