﻿<?xml version="1.0" encoding="utf-8"?>
<abapGit version="v1.0.0" serializer="LCL_OBJECT_DTEL" serializer_version="v1.0.0">
 <asx:abap xmlns:asx="http://www.sap.com/abapxml" version="1.0">
  <asx:values>
   <DD04V>
    <ROLLNAME>ZPERIODODESDE</ROLLNAME>
    <DDLANGUAGE>S</DDLANGUAGE>
    <DOMNAME>DATS</DOMNAME>
    <HEADLEN>30</HEADLEN>
    <SCRLEN1>10</SCRLEN1>
    <SCRLEN2>15</SCRLEN2>
    <SCRLEN3>30</SCRLEN3>
    <DDTEXT>Periodo de Facturacion - Desde</DDTEXT>
    <REPTEXT>Periodo de Facturacion - Desde</REPTEXT>
    <SCRTEXT_S>Desde</SCRTEXT_S>
    <SCRTEXT_M>Periodo Desde</SCRTEXT_M>
    <SCRTEXT_L>Periodo de Facturacion - Desde</SCRTEXT_L>
    <DTELMASTER>S</DTELMASTER>
    <REFKIND>D</REFKIND>
   </DD04V>
  </asx:values>
 </asx:abap>
</abapGit>
