﻿<?xml version="1.0" encoding="utf-8"?>
<abapGit version="v1.0.0" serializer="LCL_OBJECT_DTEL" serializer_version="v1.0.0">
 <asx:abap xmlns:asx="http://www.sap.com/abapxml" version="1.0">
  <asx:values>
   <DD04V>
    <ROLLNAME>ZPOS</ROLLNAME>
    <DDLANGUAGE>S</DDLANGUAGE>
    <DOMNAME>CHAR4</DOMNAME>
    <HEADLEN>08</HEADLEN>
    <SCRLEN1>10</SCRLEN1>
    <SCRLEN2>15</SCRLEN2>
    <SCRLEN3>20</SCRLEN3>
    <DDTEXT>Posición</DDTEXT>
    <REPTEXT>Posición</REPTEXT>
    <SCRTEXT_S>Posición</SCRTEXT_S>
    <SCRTEXT_M>Posición</SCRTEXT_M>
    <SCRTEXT_L>Posición</SCRTEXT_L>
    <DTELMASTER>S</DTELMASTER>
    <REFKIND>D</REFKIND>
   </DD04V>
  </asx:values>
 </asx:abap>
</abapGit>
