﻿<?xml version="1.0" encoding="utf-8"?>
<abapGit version="v1.0.0" serializer="LCL_OBJECT_DTEL" serializer_version="v1.0.0">
 <asx:abap xmlns:asx="http://www.sap.com/abapxml" version="1.0">
  <asx:values>
   <DD04V>
    <ROLLNAME>ZPRCOTRMON</ROLLNAME>
    <DDLANGUAGE>S</DDLANGUAGE>
    <DOMNAME>DECV19_2</DOMNAME>
    <HEADLEN>30</HEADLEN>
    <SCRLEN1>10</SCRLEN1>
    <SCRLEN2>15</SCRLEN2>
    <SCRLEN3>30</SCRLEN3>
    <DDTEXT>Precio Unitario en Otra Moneda</DDTEXT>
    <REPTEXT>Precio Unitario en Otra Moneda</REPTEXT>
    <SCRTEXT_S>P.U.O.Mon</SCRTEXT_S>
    <SCRTEXT_M>P.U.Otr.Mon</SCRTEXT_M>
    <SCRTEXT_L>Precio Unitario en Otra Moneda</SCRTEXT_L>
    <DTELMASTER>S</DTELMASTER>
    <REFKIND>D</REFKIND>
   </DD04V>
  </asx:values>
 </asx:abap>
</abapGit>
