﻿<?xml version="1.0" encoding="utf-8"?>
<abapGit version="v1.0.0" serializer="LCL_OBJECT_DTEL" serializer_version="v1.0.0">
 <asx:abap xmlns:asx="http://www.sap.com/abapxml" version="1.0">
  <asx:values>
   <DD04V>
    <ROLLNAME>ZPRCITEM</ROLLNAME>
    <DDLANGUAGE>S</DDLANGUAGE>
    <DOMNAME>DECV19_2</DOMNAME>
    <HEADLEN>33</HEADLEN>
    <SCRLEN1>10</SCRLEN1>
    <SCRLEN2>17</SCRLEN2>
    <SCRLEN3>33</SCRLEN3>
    <DDTEXT>Precio Unitario del Item en Pesos</DDTEXT>
    <REPTEXT>Precio Unitario del Item en Pesos</REPTEXT>
    <SCRTEXT_S>P.U.It.Pso</SCRTEXT_S>
    <SCRTEXT_M>P.U.Item en pesos</SCRTEXT_M>
    <SCRTEXT_L>Precio Unitario del Item en Pesos</SCRTEXT_L>
    <DTELMASTER>S</DTELMASTER>
    <REFKIND>D</REFKIND>
   </DD04V>
  </asx:values>
 </asx:abap>
</abapGit>
