﻿<?xml version="1.0" encoding="utf-8"?>
<abapGit version="v1.0.0" serializer="LCL_OBJECT_DTEL" serializer_version="v1.0.0">
 <asx:abap xmlns:asx="http://www.sap.com/abapxml" version="1.0">
  <asx:values>
   <DD04V>
    <ROLLNAME>ZQTYREF</ROLLNAME>
    <DDLANGUAGE>S</DDLANGUAGE>
    <DOMNAME>QUAN_13</DOMNAME>
    <HEADLEN>47</HEADLEN>
    <SCRLEN1>10</SCRLEN1>
    <SCRLEN2>15</SCRLEN2>
    <SCRLEN3>40</SCRLEN3>
    <DDTEXT>Cantidad para la Unidad de Medida de Referencia</DDTEXT>
    <REPTEXT>Cantidad para la Unidad de Medida de Referencia</REPTEXT>
    <SCRTEXT_S>Cant.UM.R</SCRTEXT_S>
    <SCRTEXT_M>Cant.UM Ref</SCRTEXT_M>
    <SCRTEXT_L>Cantidad para la Unidad de Medida de Ref</SCRTEXT_L>
    <DTELMASTER>S</DTELMASTER>
    <REFKIND>D</REFKIND>
   </DD04V>
  </asx:values>
 </asx:abap>
</abapGit>
