﻿<?xml version="1.0" encoding="utf-8"?>
<abapGit version="v1.0.0" serializer="LCL_OBJECT_DTEL" serializer_version="v1.0.0">
 <asx:abap xmlns:asx="http://www.sap.com/abapxml" version="1.0">
  <asx:values>
   <DD04V>
    <ROLLNAME>ZQTYITEM</ROLLNAME>
    <DDLANGUAGE>S</DDLANGUAGE>
    <DOMNAME>DECV19_2</DOMNAME>
    <HEADLEN>26</HEADLEN>
    <SCRLEN1>10</SCRLEN1>
    <SCRLEN2>17</SCRLEN2>
    <SCRLEN3>20</SCRLEN3>
    <DDTEXT>Cantidad del Item</DDTEXT>
    <REPTEXT>Cantidad del Item</REPTEXT>
    <SCRTEXT_S>Cantidad</SCRTEXT_S>
    <SCRTEXT_M>Cantidad del Item</SCRTEXT_M>
    <SCRTEXT_L>Cantidad del Item</SCRTEXT_L>
    <DTELMASTER>S</DTELMASTER>
    <REFKIND>D</REFKIND>
   </DD04V>
  </asx:values>
 </asx:abap>
</abapGit>
