﻿<?xml version="1.0" encoding="utf-8"?>
<abapGit version="v1.0.0" serializer="LCL_OBJECT_DTEL" serializer_version="v1.0.0">
 <asx:abap xmlns:asx="http://www.sap.com/abapxml" version="1.0">
  <asx:values>
   <DD04V>
    <ROLLNAME>ZRUCECION</ROLLNAME>
    <DDLANGUAGE>S</DDLANGUAGE>
    <DOMNAME>STCD1</DOMNAME>
    <HEADLEN>16</HEADLEN>
    <SCRLEN1>10</SCRLEN1>
    <SCRLEN2>20</SCRLEN2>
    <SCRLEN3>40</SCRLEN3>
    <DDTEXT>Rut de Tenedor</DDTEXT>
    <REPTEXT>RutTenedor</REPTEXT>
    <SCRTEXT_S>RutTenedor</SCRTEXT_S>
    <SCRTEXT_M>RutTenedor</SCRTEXT_M>
    <SCRTEXT_L>RutTenedor</SCRTEXT_L>
    <DTELMASTER>S</DTELMASTER>
    <REFKIND>D</REFKIND>
   </DD04V>
  </asx:values>
 </asx:abap>
</abapGit>
