﻿<?xml version="1.0" encoding="utf-8"?>
<abapGit version="v1.0.0" serializer="LCL_OBJECT_DTEL" serializer_version="v1.0.0">
 <asx:abap xmlns:asx="http://www.sap.com/abapxml" version="1.0">
  <asx:values>
   <DD04V>
    <ROLLNAME>ZRUTEMISOR</ROLLNAME>
    <DDLANGUAGE>S</DDLANGUAGE>
    <DOMNAME>STCD1</DOMNAME>
    <HEADLEN>22</HEADLEN>
    <SCRLEN1>10</SCRLEN1>
    <SCRLEN2>15</SCRLEN2>
    <SCRLEN3>22</SCRLEN3>
    <DDTEXT>RUT del Emisor del DTE</DDTEXT>
    <REPTEXT>RUT del Emisor del DTE</REPTEXT>
    <SCRTEXT_S>RUT Emis.</SCRTEXT_S>
    <SCRTEXT_M>RUT Emisor</SCRTEXT_M>
    <SCRTEXT_L>RUT del Emisor del DTE</SCRTEXT_L>
    <DTELMASTER>S</DTELMASTER>
    <REFKIND>D</REFKIND>
   </DD04V>
  </asx:values>
 </asx:abap>
</abapGit>
