﻿<?xml version="1.0" encoding="utf-8"?>
<abapGit version="v1.0.0" serializer="LCL_OBJECT_DTEL" serializer_version="v1.0.0">
 <asx:abap xmlns:asx="http://www.sap.com/abapxml" version="1.0">
  <asx:values>
   <DD04V>
    <ROLLNAME>ZRUTMANDANTE</ROLLNAME>
    <DDLANGUAGE>S</DDLANGUAGE>
    <DOMNAME>CHAR10</DOMNAME>
    <HEADLEN>37</HEADLEN>
    <SCRLEN1>09</SCRLEN1>
    <SCRLEN2>12</SCRLEN2>
    <SCRLEN3>37</SCRLEN3>
    <DDTEXT>RUT a Cuenta de Quien se Emite el DTE</DDTEXT>
    <REPTEXT>RUT a Cuenta de Quien se Emite el DTE</REPTEXT>
    <SCRTEXT_S>RUT Mand</SCRTEXT_S>
    <SCRTEXT_M>RUT Mandante</SCRTEXT_M>
    <SCRTEXT_L>RUT a Cuenta de Quien se Emite el DTE</SCRTEXT_L>
    <DTELMASTER>S</DTELMASTER>
    <REFKIND>D</REFKIND>
   </DD04V>
  </asx:values>
 </asx:abap>
</abapGit>
