﻿<?xml version="1.0" encoding="utf-8"?>
<abapGit version="v1.0.0" serializer="LCL_OBJECT_DTEL" serializer_version="v1.0.0">
 <asx:abap xmlns:asx="http://www.sap.com/abapxml" version="1.0">
  <asx:values>
   <DD04V>
    <ROLLNAME>ZRZNSOCRECEP</ROLLNAME>
    <DDLANGUAGE>S</DDLANGUAGE>
    <DOMNAME>CHAR40</DOMNAME>
    <HEADLEN>34</HEADLEN>
    <SCRLEN1>10</SCRLEN1>
    <SCRLEN2>15</SCRLEN2>
    <SCRLEN3>34</SCRLEN3>
    <DDTEXT>Nombre o Razon Social del Receptor</DDTEXT>
    <REPTEXT>Nombre o Razon Social del Receptor</REPTEXT>
    <SCRTEXT_S>Nomb.Recep</SCRTEXT_S>
    <SCRTEXT_M>Nombre Receptor</SCRTEXT_M>
    <SCRTEXT_L>Nombre o Razon Social del Receptor</SCRTEXT_L>
    <DTELMASTER>S</DTELMASTER>
    <REFKIND>D</REFKIND>
   </DD04V>
  </asx:values>
 </asx:abap>
</abapGit>
