﻿<?xml version="1.0" encoding="utf-8"?>
<abapGit version="v1.0.0" serializer="LCL_OBJECT_DTEL" serializer_version="v1.0.0">
 <asx:abap xmlns:asx="http://www.sap.com/abapxml" version="1.0">
  <asx:values>
   <DD04V>
    <ROLLNAME>ZSUBTOTNETOSTI</ROLLNAME>
    <DDLANGUAGE>S</DDLANGUAGE>
    <DOMNAME>DECV19_2</DOMNAME>
    <HEADLEN>26</HEADLEN>
    <SCRLEN1>10</SCRLEN1>
    <SCRLEN2>19</SCRLEN2>
    <SCRLEN3>23</SCRLEN3>
    <DDTEXT>Valor Neto del Subtotal</DDTEXT>
    <REPTEXT>Valor Neto del Subtotal</REPTEXT>
    <SCRTEXT_S>V.Net.Subt</SCRTEXT_S>
    <SCRTEXT_M>Valor Neto Subtotal</SCRTEXT_M>
    <SCRTEXT_L>Valor Neto del Subtotal</SCRTEXT_L>
    <DTELMASTER>S</DTELMASTER>
    <REFKIND>D</REFKIND>
   </DD04V>
  </asx:values>
 </asx:abap>
</abapGit>
