﻿<?xml version="1.0" encoding="utf-8"?>
<abapGit version="v1.0.0" serializer="LCL_OBJECT_DTEL" serializer_version="v1.0.0">
 <asx:abap xmlns:asx="http://www.sap.com/abapxml" version="1.0">
  <asx:values>
   <DD04V>
    <ROLLNAME>ZSUBTOTADICSTI</ROLLNAME>
    <DDLANGUAGE>S</DDLANGUAGE>
    <DOMNAME>DECV19_2</DOMNAME>
    <HEADLEN>33</HEADLEN>
    <SCRLEN1>10</SCRLEN1>
    <SCRLEN2>20</SCRLEN2>
    <SCRLEN3>33</SCRLEN3>
    <DDTEXT>Valor de los Impuestos adicionales o especificos del Subtota</DDTEXT>
    <REPTEXT>Valor Impuestos adic. al subtotal</REPTEXT>
    <SCRTEXT_S>Val.Imp.Ad</SCRTEXT_S>
    <SCRTEXT_M>Val.Imp.Adic.Subtot.</SCRTEXT_M>
    <SCRTEXT_L>Valor Impuestos adic. al subtotal</SCRTEXT_L>
    <DTELMASTER>S</DTELMASTER>
    <REFKIND>D</REFKIND>
   </DD04V>
  </asx:values>
 </asx:abap>
</abapGit>
