﻿<?xml version="1.0" encoding="utf-8"?>
<abapGit version="v1.0.0" serializer="LCL_OBJECT_DTEL" serializer_version="v1.0.0">
 <asx:abap xmlns:asx="http://www.sap.com/abapxml" version="1.0">
  <asx:values>
   <DD04V>
    <ROLLNAME>ZSUBTOTIVASTI</ROLLNAME>
    <DDLANGUAGE>S</DDLANGUAGE>
    <DOMNAME>DECV19_2</DOMNAME>
    <HEADLEN>26</HEADLEN>
    <SCRLEN1>10</SCRLEN1>
    <SCRLEN2>16</SCRLEN2>
    <SCRLEN3>26</SCRLEN3>
    <DDTEXT>Valor del IVA del Subtotal</DDTEXT>
    <REPTEXT>Valor del IVA del Subtotal</REPTEXT>
    <SCRTEXT_S>IVA Subtot</SCRTEXT_S>
    <SCRTEXT_M>IVA del Subtotal</SCRTEXT_M>
    <SCRTEXT_L>Valor del IVA del Subtotal</SCRTEXT_L>
    <DTELMASTER>S</DTELMASTER>
    <REFKIND>D</REFKIND>
   </DD04V>
  </asx:values>
 </asx:abap>
</abapGit>
