﻿<?xml version="1.0" encoding="utf-8"?>
<abapGit version="v1.0.0" serializer="LCL_OBJECT_DTEL" serializer_version="v1.0.0">
 <asx:abap xmlns:asx="http://www.sap.com/abapxml" version="1.0">
  <asx:values>
   <DD04V>
    <ROLLNAME>ZTOTITEMS</ROLLNAME>
    <DDLANGUAGE>S</DDLANGUAGE>
    <DOMNAME>DECV19_2</DOMNAME>
    <HEADLEN>39</HEADLEN>
    <SCRLEN1>10</SCRLEN1>
    <SCRLEN2>15</SCRLEN2>
    <SCRLEN3>39</SCRLEN3>
    <DDTEXT>Indique el total de items del documento</DDTEXT>
    <REPTEXT>Indique el total de items del documento</REPTEXT>
    <SCRTEXT_S>Tot.Items</SCRTEXT_S>
    <SCRTEXT_M>Tot.Items</SCRTEXT_M>
    <SCRTEXT_L>Indique el total de items del documento</SCRTEXT_L>
    <DTELMASTER>S</DTELMASTER>
    <REFKIND>D</REFKIND>
   </DD04V>
  </asx:values>
 </asx:abap>
</abapGit>
