﻿<?xml version="1.0" encoding="utf-8"?>
<abapGit version="v1.0.0" serializer="LCL_OBJECT_DTEL" serializer_version="v1.0.0">
 <asx:abap xmlns:asx="http://www.sap.com/abapxml" version="1.0">
  <asx:values>
   <DD04V>
    <ROLLNAME>ZTOTBULTOS</ROLLNAME>
    <DDLANGUAGE>S</DDLANGUAGE>
    <DOMNAME>DECV19_2</DOMNAME>
    <HEADLEN>48</HEADLEN>
    <SCRLEN1>10</SCRLEN1>
    <SCRLEN2>15</SCRLEN2>
    <SCRLEN3>40</SCRLEN3>
    <DDTEXT>Cantidad total de bultos que ampara el documento</DDTEXT>
    <REPTEXT>Cantidad total de bultos que ampara el documento</REPTEXT>
    <SCRTEXT_S>Tot.Bultos</SCRTEXT_S>
    <SCRTEXT_M>Tot.Bultos</SCRTEXT_M>
    <SCRTEXT_L>Cantidad total de bultos que ampara el d</SCRTEXT_L>
    <DTELMASTER>S</DTELMASTER>
    <REFKIND>D</REFKIND>
   </DD04V>
  </asx:values>
 </asx:abap>
</abapGit>
