﻿<?xml version="1.0" encoding="utf-8"?>
<abapGit version="v1.0.0" serializer="LCL_OBJECT_DTEL" serializer_version="v1.0.0">
 <asx:abap xmlns:asx="http://www.sap.com/abapxml" version="1.0">
  <asx:values>
   <DD04V>
    <ROLLNAME>ZTPOCAMBIO</ROLLNAME>
    <DDLANGUAGE>S</DDLANGUAGE>
    <DOMNAME>DECV5_10</DOMNAME>
    <HEADLEN>51</HEADLEN>
    <SCRLEN1>10</SCRLEN1>
    <SCRLEN2>15</SCRLEN2>
    <SCRLEN3>40</SCRLEN3>
    <DDTEXT>Tipo de Cambio fijado por el Banco Central de Chile</DDTEXT>
    <REPTEXT>Tipo de Cambio fijado por el Banco Central de Chile</REPTEXT>
    <SCRTEXT_S>Tp.Cambio</SCRTEXT_S>
    <SCRTEXT_M>Tp.Cambio</SCRTEXT_M>
    <SCRTEXT_L>Tipo de Cambio fijado por el Banco Centr</SCRTEXT_L>
    <DTELMASTER>S</DTELMASTER>
    <REFKIND>D</REFKIND>
   </DD04V>
  </asx:values>
 </asx:abap>
</abapGit>
