﻿<?xml version="1.0" encoding="utf-8"?>
<abapGit version="v1.0.0" serializer="LCL_OBJECT_DTEL" serializer_version="v1.0.0">
 <asx:abap xmlns:asx="http://www.sap.com/abapxml" version="1.0">
  <asx:values>
   <DD04V>
    <ROLLNAME>ZVLRPAGAR</ROLLNAME>
    <DDLANGUAGE>S</DDLANGUAGE>
    <DOMNAME>AFLE13D2O16N_TO_23D2O30N</DOMNAME>
    <HEADLEN>33</HEADLEN>
    <SCRLEN1>10</SCRLEN1>
    <SCRLEN2>18</SCRLEN2>
    <SCRLEN3>33</SCRLEN3>
    <DDTEXT>Valor a Pagar Total del documento</DDTEXT>
    <REPTEXT>Valor a Pagar Total del documento</REPTEXT>
    <SCRTEXT_S>a Pagar D.</SCRTEXT_S>
    <SCRTEXT_M>Valor a Pagar Doc.</SCRTEXT_M>
    <SCRTEXT_L>Valor a Pagar Total del documento</SCRTEXT_L>
    <DTELMASTER>S</DTELMASTER>
    <REFKIND>D</REFKIND>
   </DD04V>
  </asx:values>
 </asx:abap>
</abapGit>
